,name,unit_cogs
137, PATYCZKI BELLA 200,1.77
138,ACE 1 L,3.2
139,ARIEL KAPSU?KI DO BIA?EGO 32SZT,0.78
140,BATERIA GP PLASKA 3R12 4_5V  312GR,2.71
141,BATERIA R6 AA,0.78
142,BELLA PATYCZKI 100 SZT FOLIA,0.72
143,BELLA PODPASKI  MAX GREEN,2.85
144,BIALY JELEN SZAMPON 300 ML,4.99
145,BLOK TECHNICZNY KOLOR,1.24
146,BREF 4-FORMULA AKTIV,2.89
147,BREF 4-FORMULA LEMON,2.65
148,BREF KULKI BLU AKTIV,2.65
149,CHUSTECZKI DO KOLOROW 10 SZT,6.11
150,CHUSTECZKI HAPPY,3.11
151,CHUSTECZKI HAPPY NAS. 64 SZT,3.11
152,CHUSTECZKI HAPPY NO 1,0.21
153,CLIN DO SZYB 500 ML Z DOZOWNIKIEM,3.99
154,CLIN LEMON 500 ML Z DOZ.,3.99
155,CLIN ZAPAS 500 ML,2.7
156,CLIN ZAPAS 500 ML,2.7
157,COLGATE SZCZOTECZKA PLUS MEDIUM,1.65
158,DOMESTOS 750 ML ATLANTIC,5.27
159,DOMESTOS 750 ML CITRUS,5.49
160,E PLYN DO PLUKANIA 1 L,4.59
161,EVA SIMPLA ZEL DO MYCIA 500 ML,3.62
162,EVA SIMPLE 500 ML Z OWSEM,3.63
163,FAIRY 1 L APPLE,4.342
164,FOLIA ALUMINIOWA 10 M ANNA,2.23
165,FOLIA ALUMINIOWA 10M PAN PACK,1.76
166,GABKA DO KAPIELI I MASAZU,1.2625
167,GILLETTE MASZYNKA BLU 2 PLUS,1.53
168,GRA PODROZNA WIEZOWIEC,13.64
169,GUMA ORBIT 5 LIST.,0.93
170,HELP  1 L DO NACZYN CYTRYNA,1.39
171,HELP 1 L UNIWERSALNY,2.78
172,HELP 300 G WHITE,1.39
173,HELP PLYN DO PLUKANIA 1 L FRESH,2.34
174,KLEJ KROPELKA,2.32
175,KOMFORT PLYN DO PRANIA 500 ML,4.29
176,KOSTKA DO WC FORCE,1.79
177,KREDKI OLOWKOWE 12 SZT,1.69
178,KREM BAMBINO 75ML,3.62
179,KREM DO RAK ZIOLA POLSKIE,3.29
180,KUBEK 180 ML,0.08
181,LAKIER PROFESSIONAL 265ML,3.58
182,LAURKA,0.55
183,LENOR PLYN SUMMER 1 L,5.99
184,LUDWIK D/NACZYN 1L MIETOW,3.89
185,LUDWIK D/NACZYN 500 ML CYTRYNA,2.08
186,LUDWIK D/NACZYN BALSAM 1L,3.23
187,LUDWIK D/NACZYN BALSAM 500ML,2.08
188,LUDWIK PLYN UNIWERSALNY 1 L,3.59
189,LUDWIK UNIWERSALNY 1 L,3.89
190,LUGA KROCHMAL 750ML,3.71
191,MAKARON SULMA PIORA 500 G,2.59
192,MARKER CZARNY 1 SZT,1.09
193,MASZYNKA POLSILVER,1.02
194,MOLA PAPIER BIALY 8,5.57
195,MOLA PAPIER ZOLTY 8,3.89
196,MYDLO ARKO KREMEM ZIELONE 90 GR,0.88
197,MYDLO DAVE 100G,1.95
198,MYDLO DOVE 100G CREAM BAR,1.79
199,MYDLO LUKSJA 90 G LINEN,0.8
200,MYDLO LUKSJA CREAM 100 G,0.99
201,MYDLO LUKSJS 90 G FRESH,0.99
202,MYDLO SZARE 175 G,1.49
203,MYD?O LUKSJA W KOSTCE ROCE 90G,0.86
204,ODPLAMIACZ VANISH 100ML P?YN SASZETKA,1.59
205,ODSWIEZACZ  SZYSZKA,3.89
206,ODSWIEZACZ SPRAY 400 ML,3.27
207,ODSWIEZACZ SPRAY 400 ML,3.27
208,ODSWIEZACZ W ZELU AROLA 150 G,1.99
209,ODSWIEZACZ ZAPAS,3.19
210,ODSWIEZACZ ZAPAS DO SZYSZKI,3.29
211,PADPASKI BELLA CLASSIS NOVA10SZT,2.42
212,PAP LM FORWARD,12.07
213,PAPIER DO PIECZENIA 8 M PAN PACK,2.22
214,PAPIER SNIADANIOW.MAWA 300X325,0.43
215,PAPIER TOALET.MAWA,0.24
216,PAPIER TOALETOWY MEA BIALY 4 ROLKI,2.36666666666667
217,PAPIER TOALETOWY MEA BIA?A 8 SZT 3W 150,4.36
218,PAPIER TOALETOWY VELVET 8+2,5.39
219,PASTA D/Z?B.B-A-M MINT 100ML,3.36
220,PASTA ELMEX +PLYN,8.89
221,PASTA ELMEX JUNIOR,8.44
222,PATYCZKI BELLA FOLIA 160 T,1.17
223,PATYCZKI HIGIENICZNE 200 SZT MEA,1.36
224,PERSIL 280 G COLD,3.49
225,PERSIL 280 G COLOR,3.49
226,PERSIL DUO-CAPS 32 SZT,0.74
227,PERWOL DO PRANIA BLACK BRIL.1 L,6.93
228,PERWOL DO PRANIA COLOR BRIL1 L,6.93
229,PERWOLL BALSAM MAGIC 1L,6.49
230,PIEPRZ CZARNY ZIARNO 15GR,0.99
231,PLASTRY FAMILI,3.71
232,PLATKI BELLA OKRAGLE 120,2.09
233,PLATKI KOSM.BELLA KWADRAT 50SZT,2.59
234,PLATKI KOSMETYCZNE MEA 120 SZT,1.79
235,PLYN DO PRANIA SURF 1_4 L,5.99
236,PLYN SILAN 1L SENSUAL,6.49
237,P?YN DO K?PIELI EVA 700ML LAWENDA,4.98
238,PODPASKI BELLA NOC 7 SZT,2.85
239,PODPASKI BELLA PERF.VIOLA,2.85
240,PODPASKI BELLA PERFECTA NIGHT,2.85
241,PODPASKI BELLA PERFECTA ORANGE,2.85
242,PODPASKI BELLA PERFECTA RED,2.85
243,PODPASKI NATURELLA MAXI  8,2.34
244,RECZNIK PAPIER SZAST PRAST,2.13
245,RECZNIK PAPIER.MEA 2WARSTWY,1.61
246,RECZNIK PAPIEROWY REGINA NAJDUZSZY 2X,5.57
247,REKAW DO PIECZENIA 3 M,1.39
248,REKAWICE JEDNORAZOWE,0.12
249,REKAWICE JEDNORAZOWE,0.18
250,REKLAMOWKA Z UCHWYTEM,0.3
251,REX 300 G 3*SWIEZOSC,1.99
252,SCIERKA UNIWERSALNA 5 SZT,2.06
253,SERWETKI PAPIEROWE 60 SZT,2.99
254,SOL ODPLAMIAJACA 25 G,0.69
255,SPIRYTUS SALICYNOWY 90 G,1.72
256,SWIECZKA BIA?A 1 SZT,0.56
257,SZAM FAMILJNY NIEBIESKI 0_5L,2.99
258,SZAMON HEADS SHOULD 3 250 ML,7.29
259,SZAMPON FAMILIJNY 0_7 L,4.04
260,SZAMPON RUMIANEK 240ML EVA NATURA,2.47
261,SZAMPON SCHAUM A 400 ML,5.29
262,SZCZOT_D/Z?B_MAXI CLEAN 40 MEDIUM DUO,4.41
263,TAFT LAKIER,6.08
264,TAMPON BELLA  A16 SUPER,5.19
265,TAMPON BELLA 16,5.19
266,TEMPEROWKA METALOWA,0.36
267,TOREBKA BUTELKA,2.82
268,TOREBKA NA PREZENT,1.9
269,TYTAN 0_7 L BAKTERIOBOJCZY,4.38
270,TYTAN 0_850 NIEBIESKI,4.38
271,WELLAFLEX LAKIER 250 ML,6.49
272,WIN GALARETKA TRUSKAWKOWA Z PIANKA 72 G,1.46
273,WKLADKI BELLA PANTY 20SZT,1.59
274,WKLADKI HERBS 18 SZT,2.39
275,WKLADKI INTIMA  BELLA 24,3.69
276,WKLADY DO ZNICZY  48 H,1.16
277,WORECZKI SNIADANIOWE 100 SZT,1.11
278,WORKI NA SMIECI 60 L 16 SZT,2.16
279,WORKI NA ?MIE?I 35L TOP 30SZT,1.4
280,ZAPALKI,0.08
281,ZAPALNICZKA SPARK,2.1
282,ZAROWKA 75,1.34
283,ZEL DO WLOSOW BIALY 150ML STYLE & A,1.15
284,ZESZYT KRATKA 32,0.49
285,ZMYWACZ DO PAZNOKCI Z WIES 50 ML,1.16
286,ZMYWAK KUCHENNY MALY 1 SZT,0.22
287,ZMYWAK KUCZENNY Z UCHWYTEM,0.59
288,ZNICZ CZERWONY,2.96
289,ZNICZ CZERWONY SERCE,3.92
290,ZNICZ KWIAT,4.76
291,ZNICZ KWIAT,4.24
292,ZNICZ KWIAT,4.24
293,ZYLETKI WILKINSON 1 SZT,0.49
1963, PATYCZKI BELLA 200,1.77
1964,ACE 1 L,3.2
1965,AJAX  PROSZEK DO CZYSZCZENIA 450 G,3.99
1966,ARIEL KAPSU?KI DO BIA?EGO 32SZT,0.78
1967,BATERIA R6 AA,0.78
1968,BATERIA R6 ALKAICZ,0.85
1969,BELLA CHUSTECZKI ODSWIEZAJACE 10,1.75
1970,BELLA HERBS PODPASKI K.LIPY 12,2.39
1971,BREF 4 FORMU?A POWER,2.85
1972,BREF 4-FORMULA,2.87666666666667
1973,BREF 4-FORMULA AKTIV,2.87666666666667
1974,BREF 4-FORMULA LEMON,2.65
1975,CHUSTECZKI DO HIG.INTYMNEJ 20,3.72
1976,CHUSTECZKI DO KOLOROW 10 SZT,6.11
1977,CHUSTECZKI HAPPY NAS. 64 SZT,3.11
1978,CIF LEMON NEW 500ML,6.61
1979,CLIN DO SZYB 500 ML Z DOZOWNIKIEM,3.99
1980,CLIN ZAPAS 500 ML,2.7
1981,CLIN ZAPAS 500 ML,2.7
1982,COLGATE SZCZOTECZKA PLUS MEDIUM,1.65
1983,DENATURAT 500ML BOS,2.09
1984,DOMESTOS 750 ML ATLANTIC,5.27
1985,E DO PLUKANIA 1_8 L KONC,6.69
1986,E DO PLUKANIA ELEGANCE PERFUM 0_9 L,4.33
1987,E PLYN DO PLUKANIA 1 L,4.59
1988,E PROSZEK 300 G COLOR,2.505
1989,E PROSZEK 300G WHITE,2.46
1990,EVA SIMPLE 500 ML SZAMPON Z JEDWABIEM,3.63
1991,FAIRY 1 L APPLE,3.97
1992,FARBY PLAKATOWE 6 KOLOR,3.65
1993,FOLIA ALUMINIOWA 10M PAN PACK,1.765
1994,FOLIA SPOZYWCZA 30M PACLAN,1.71
1995,GABKA DO KAPIELI I MASAZU,1.27
1996,GAZA OPATRUNKOWA 1 M,1.35
1997,GILLETTE BLU 3,3.74
1998,GILLETTE MASZYNKA BLU 2 PLUS,1.6875
1999,GILLETTE PIANKA DO GOL.MAN,3.99
2000,GILLETTE ZEL  SKORA WRAZLIWA,6.49
2001,GUMA ORBIT 5 LIST.,0.93
2002,HELP  1 L DO NACZYN CYTRYNA,1.39
2003,HELP 1 L DO NACZYN MIETA,1.39
2004,HELP 1 L UNIWERSALNY,2.78
2005,HELP 1 L Z LANOLINA,2.49
2006,HELP 1L CZARNY,2.75
2007,HELP 300 G COLOR,1.39
2008,HELP PLYN DO PLUKANIA 1 L FRESH,2.34
2009,HELP PLYN DO WC 750 ML,2.32
2010,KREM BAMBINO 75ML,3.62
2011,KREM DO GOLENIA WARS,1.92
2012,KREM DO STOP 100 ML,4.89
2013,KUBEK 180 ML,0.08
2014,LAKIER PROFESSIONAL 265ML,3.58
2015,LUDWIK D/NACZYN BALSAM 500ML,2.1
2016,LUDWIK PLYN UNIWERSALNY 1 L,3.89
2017,LUGA KROCHMAL 750ML,3.71
2018,MYDLO ARKO KREMEM ZIELONE 90 GR,0.88
2019,MYDLO BAMBINO 90 G,1.3
2020,MYDLO LUKSJA 90 G LINEN,0.8
2021,MYDLO LUKSJA CREAM 100 G,0.8
2022,MYDLO SZARE 175 G,1.49
2023,MYD?O LUKSJA W KOSTCE ROCE 90G,0.86
2024,MYSZ NAKRECANA,3.35
2025,ODSWIEZACZ  SZYSZKA,3.89
2026,ODSWIEZACZ SPRAY 400 ML,3.27
2027,ODSWIEZACZ ZAPAS DO SZYSZKI,3.29
2028,PAP LM FORWARD,11.7545454545455
2029,PAPIER SNIADANIOW.MAWA 300X325,0.43
2030,PAPIER SNIADANIOWY 100SZT PAN PACK,1.85
2031,PAPIER TOALET.MAWA,0.24
2032,PAPIER TOALETOWY MEA BIALY 4 ROLKI,2.34
2033,PAPIER TOALETOWY MEA BIA?A 8 SZT 3W 150,3.82222222222222
2034,PAPIER VELVET Z RUM.TOAELET 8 SZT,5.63
2035,PASTA ELMEX JUNIOR,8.44
2036,PERSIL 280 G COLD,3.49
2037,PERSIL 280 G COLOR,3.49
2038,PERSIL DUO-CAPS 32 SZT,0.74
2039,PIEPRZ CZARNY ZIARNO 15GR,0.99
2040,PLASTELINA 10 SZT,2.19
2041,PLASTRY FAMILI,3.71
2042,PLATKI BELLA OKRAGLE 120,2.09
2043,PLATKI KOSM.BELLA KWADRAT 50SZT,2.59
2044,PLATKI KOSMETYCZNE MEA 120 SZT,1.79
2045,PLYN  AJAX 1L KWIATY NIEBIESKI,3.89
2046,PLYN AJAX FDF FIOLETOWY 1L,3.89
2047,PLYTA CD I DVD,0.81
2048,PODPASKI NATURELLA MAXI  8,2.34
2049,PODPASKI NATUTRLLA CLASSIC BASIC 9,1.93
2050,PROSZEK DOSIA D/PRANIA 300GR BIA?E,1.69
2051,RECZNIK FOX 2*2,4.69
2052,RECZNIK PAPIER SZAST PRAST,2.13
2053,RECZNIK PAPIER.MEA 2WARSTWY,1.625
2054,REKAW DO PIECZENIA 3 M,1.39
2055,REKAWICE JEDNORAZOWE,0.12
2056,REKAWICE JEDNORAZOWE,0.18
2057,REKLAMOWKA Z UCHWYTEM,0.3
2058,REX 300 G 3*SWIEZOSC,1.99
2059,SAMOCHOD STRAZ Z CUKIERKAMI,7.52
2060,SCIERKA UNIWERSALNA 5 SZT,2.06
2061,SOL ODPLAMIAJACA 25 G,0.69
2062,SPIRYTUS SALICYNOWY 90 G,1.72
2063,SZAM FAMILIJNY POLLENA 500ML,2.99
2064,TAFT LAKIER 250 ML,6.08
2065,TALERZE 6 SZT,1.8
2066,TASMA PAKOWA SZEROKA,1.69
2067,TEMPEROWKA,0.54
2068,TORBA OKOLICZNOSCIOWA,1.82
2069,TOREBKA,0.97
2070,TOREBKA,1.68
2071,TOREBKA BUTELKA,2.82
2072,TRAKTOR Z CUKIERKAMI,5.78
2073,VANISH OXI/ACTION MAX 30G PROSZEK,1.74
2074,WIN GALARETKA TRUSKAWKOWA Z PIANKA 72 G,1.46
2075,WKLADKI HERBS 18 SZT,2.39
2076,WKLADY DO ZNICZY  48 H,1.16
2077,WORECZKI SNIADANIOWE 100 SZT,1.11
2078,WORKI NA SMIECI 60 L 16 SZT,2.17
2079,WORKI NA SMIECI Z USZANI  35L*26 SZT,1.09
2080,WYBIELACZ DO FIERAN I BIELIZNY 40 G,0.57
2081,ZAKRESLACZE KOLOR 4 SZT,4.95
2082,ZAPALKI,0.08
2083,ZAPALKI,0.1
2084,ZAPALNICZKA SPARK,2.1
2085,ZESZTY 16 KRATKA,0.31
2086,ZESZYT KRATKA 32,0.49
2087,ZESZYT W LINIE 60 K,0.75
2088,ZMYWACZ DO PAZNOKCI Z WIES 50 ML,1.16
2089,ZMYWAK KUCHENNY MALY 1 SZT,0.22
2090,ZMYWAK KUCZENNY Z UCHWYTEM,0.59
2091,ZNICZ TECZA,4.31
3710, PATYCZKI BELLA 200,1.77
3711,ACE 1 L,3.2
3712,APART PLYN DO KAPIELI 750 ML,6.1
3713,ARIEL KAPSU?KI DO BIA?EGO 32SZT,0.78
3714,BAMBINO OLIWKA DLA DZIECI 150G,6.5
3715,BARWNIKI DO JAJ HIT,0.65
3716,BATERIA R14 1 SZT,1.47
3717,BATERIA R6 AA,0.78
3718,BATERIA R6 ALKAICZ,0.85
3719,BELLA HERBS 12 SZT,2.39
3720,BELLA HERBS PODPASKI K.LIPY 12,2.39
3721,BELLA PODPASKI  MAX GREEN,2.89
3722,BIBULA MIX,0.75
3723,BLOK TECHNICZNY,0.89
3724,BREF 4 FORMU?A POWER,2.85
3725,BREF 4-FORMULA,2.9
3726,BREF 4-FORMULA AKTIV,2.95
3727,BREF 4-FORMULA LEMON,2.87
3728,BREF DO WC 750 ML,4.19
3729,BREF KULKI BLU AKTIV,5.49
3730,BREF KULKI BLUE TURK 50 G,5.49
3731,CHUSTECZKI CHIGIENICZNE 100+50 GRATIS,2.79
3732,CHUSTECZKI HAPPY,2.89
3733,CHUSTECZKI HAPPY NASACZ.64 SZT,2.89
3734,CHUSTECZKI HAPPY NO 1,0.2
3735,CLIN DO SZYB 500 ML Z DOZOWNIKIEM,3.84
3736,CLIN LEMON 500 ML Z DOZ.,3.84
3737,CLIN ZAPAS 500 ML,3.07
3738,CLIN ZAPAS 500 ML,3.07
3739,COLGATE SZCZOTECZKA PLUS MEDIUM,1.65
3740,DENATURAT 0_5 ML,2.17
3741,DLUGOPIS Z DODATKIEM,2.65
3742,DOMESTOS 750 ML LIME ZERO,4.99
3743,E DO PLUKANIA 1_8 L KONC,6.69
3744,E DO PLUKANIA 1_8 L KONC,6.69
3745,E DO PLUKANIA ELEGANCE PERFUM 0_9 L,4.33
3746,E PLYN DO PLUKANIA 1 L SATYNA,4.29
3747,E PROSZEK 300 G COLOR,2.46
3748,E PROSZEK 300G WHITE,2.46
3749,EVA MYDLO W PLYNIE 500 ML Z DOZOWNIKIEM,3.71
3750,EVA MYDLO W PLYNIE Z DOZOW 500 ML,3.71
3751,FAIRY 1 L APPLE,3.97
3752,FAIRY 500 ML CYTRYNA,2.84
3753,FOLIA ALUMINIOWA 10M PAN PACK,1.76
3754,FOLIA ALUMINIOWA 20 M,2.79
3755,FOLIA SPOZYWCZA 30M PACLAN,1.72
3756,GABKA DO KAPIELI I MASAZU,1.27
3757,GILLETTE BLU 3,3.74
3758,GILLETTE MASZYNKA BLU 2 PLUS,1.74
3759,GILLETTE PIANKA DO GOL MAN,4.39
3760,GOLARKA WILKINSON XTREME 3,2.45
3761,GUMA ORBIT 5 LIST.,0.93
3762,HELP 1 L DO NACZYN MIETA,1.39
3763,HELP 300 G COLOR,1.39
3764,HELP 300 G WHITE,1.39
3765,HELP PLYN DO PLUKANIA 1 L FRESH,2.34
3766,KLEJ BIUROWY,0.79
3767,KREM DO STOP 100 ML,4.89
3768,LUDWIK D/NACZYN 0_5 L MIETA,2.34
3769,LUDWIK D/NACZYN 1L MIETOW,3.28
3770,LUDWIK D/NACZYN BALSAM 500ML,2.12
3771,MASZYNKA WILKINSON XTREME 3 BEAUTY,2.54
3772,MOLA PAPIER BIALY 8,3.91
3773,MYDLO BAMBINO 90 G,1.3
3774,MYDLO DOVE 100G CREAM BAR,1.79
3775,MYDLO LUKSJA 90 G LINEN,0.8
3776,MYDLO SZARE 175 G,1.49
3777,MYD?O LUKSJA W KOSTCE ROCE 90G,0.86
3778,NIVEA KREM 50ML,2.19
3779,NIVEA SZAMPON DIAMOND 250 ML,6.99
3780,NOTES DO DZIEWCZYNKI,2.59
3781,ODSWIEZACZ ZAPAS,3.6
3782,ODSWIEZACZ ZAPAS SZYSZKA,3.6
3783,PALMOLIVE SZAMPON 350 ML,4.29
3784,PAP LM FORWARD,9.96
3785,PAPIER DO PIECZENIA 8 M PAN PACK,2.25
3786,PAPIER KOLOROWY 8 KART.,0.84
3787,PAPIER SAMOPRZYLEPNY -8 KARTEK,2.49
3788,PAPIER SNIADANIOW.MAWA 300X325,0.43
3789,PAPIER SNIADANIOWY 100SZT PAN PACK,1.85
3790,PAPIER TOAL.8 SZT MEA NIEB,4.04
3791,PAPIER TOALET.MAWA,0.24
3792,PAPIER TOALETOWY MEA BIALY 4 ROLKI,2.34
3793,PASTA D/ ZEBOW COLGATE  100 ML,2.45
3794,PASTA DO ZEB.COLODENT 4IN1,2.19
3795,PATYCZKI BELLA FOLIA 160 T,1.17
3796,PERSIL 280 G COLD,3.39
3797,PERSIL 280 G COLOR,3.39
3798,PERSIL DUO-CAPS 32 SZT,0.758947368421053
3799,PERWOLL BLACK MAGIC 1L,6.14
3800,PERWOLL COLOR MAGIC 1L,6.37666666666667
3801,PIEPRZ CZARNY ZIARNO 15GR,0.99
3802,PLATKI BELLA 80+30%,1.99
3803,PLATKI KOSMETYCZNE MEA 120 SZT,1.79
3804,PLYN  AJAX 1L KWIATY NIEBIESKI,3.89
3805,PLYN AJAX ZIELONY 1L,3.89
3806,PLYN UNIWERSALNY AJAX 1 L,3.89
3807,PLYTA CD I DVD,0.81
3808,PODPASKI NATUTRLLA CLASSIC BASIC 9,1.93
3809,PRONTO 300 ML ORGINAL,8.3
3810,PRONTO CLASIC 250+50,8.3
3811,PROSZEK DOSIA D/PRANIA 300GR BIA?E,1.69
3812,PUR 500 ML ACTION 3,2.45
3813,PUR 900 ML BALSAAM,3.35
3814,PUR ACTION 450 ML APPLE,2.29
3815,PUR ACTION 900 ML LEMON,3.35
3816,RECZNIK FOX 2*2,4.69
3817,RECZNIK PAPIER.MEA 2WARSTWY,1.68
3818,REGINA PAPIER RUMIANKOWY 8,5.99
3819,REKAW DO PIECZENIA 3 M,1.3975
3820,REKAWICE JEDNORAZOWE,0.160212765957447
3821,REKAWICE JEDNORAZOWE,0.12
3822,REKLAMOWKA Z UCHWYTEM,0.3
3823,SAMOCHOD STRAZ Z CUKIERKAMI,7.52
3824,SCIERKA UNIWERSALNA 5 SZT,2.06
3825,SERWETKI PAPIEROWE 60 SZT,2.99
3826,SILAN 1L SENSITIVE.,5.19
3827,SILAN BLUE DREAM 1L,5.19
3828,SOL ODPLAMIAJACA 25 G,0.69
3829,SOMAT MACHINE 1_5KG,4.99
3830,SOMAT TABLETKI 10 SZT,5.99
3831,SPIRYTUS SALICYNOWY 90 G,1.72
3832,SZAM FAMILIJNY POLLENA 500ML,2.99
3833,SZAMPON FAMILIJNY 0_7 L,4.04
3834,TASMA BEZBARWNA,0.29
3835,TECZKA BIALA WIAZANA,0.6
3836,TORBA OKOLICZNOSCIOWA,2.56
3837,TORBA OKOLICZNOSCIOWA,1.82
3838,TORBA OKOLICZNOSCIOWA,1.77
3839,TRAKTOR Z CUKIERKAMI,5.78
3840,VANISH OXI,1.55
3841,VANISH OXI/ACTION MAX 30G PROSZEK,1.74
3842,WELLAFLEX LAKIER 250 ML,6.49
3843,WIN GALARETKA TRUSKAWKOWA Z PIANKA 72 G,1.46
3844,WKLADKI BELLA PANTY,1.62
3845,WKLADKI BELLA PANTY 20SZT,1.62
3846,WKLADKI INTIMA  BELLA 24,3.49
3847,WKLADKI PANTY INTIMA,3.49
3848,WKLADY DO ZNICZY  48 H,1.16
3849,WORKI NA SMIECI 60 L 16 SZT,2.17
3850,WORKI NA SMIECI PACLEN 60*20 SZT,3.81
3851,WORKI NA SMIECI Z USZANI  35L*26 SZT,1.09
3852,WOZEK ZAKUPOWY Z CUKIERKAMI,9.89
3853,WYBIELACZ DO FIERAN I BIELIZNY 40 G,0.57
3854,ZAPALKI,0.1
3855,ZAPALNICZKA,0.92
3856,ZAPALNICZKA SPARK,2.1
3857,ZAROWKA 75,1.34
3858,ZEL DO WLOSOW BIALY 150ML STYLE & A,1.15
3859,ZESZTY 16 KRATKA,0.31
3860,ZESZYT KRATKA 32,0.49
3861,ZESZYT W KRATKE 60 K,0.75
3862,ZMYWACZ DO PAZNOKCI 50 ML,1.15
3863,ZMYWACZ KWIATEK,1.27
3864,ZMYWAK KUCHENNY MALY 1 SZT,0.19333333333333305
3865,ZMYWAK KUCZENNY Z UCHWYTEM,0.59
3866,ZNICZ CZERWONY,2.96
3867,ZNICZ CZERWONY SERCE,3.92
3868,ZNICZ KWIAT,4.24
3869,ZNICZ KWIAT,4.76
3870,ZNICZ KWIAT,4.24
3871,ZYLETKI WILKINSON 1 SZT,0.49
5638,AJAX  PROSZEK DO CZYSZCZENIA 450 G,3.99
5639,APART PLYN DO KAPIELI 750 ML,6.1
5640,ARIEL KAPSU?KI DO BIA?EGO 32SZT,0.78
5641,BATERIA R14 1 SZT,1.47
5642,BATERIA R6 AA,0.78
5643,BELLA HERBS 12 SZT,2.53
5644,BIBULA MIX,0.75
5645,BLOK TECHNICZNY,0.89
5646,BREF 4 FORMU?A POWER,2.9166666666666696
5647,BREF 4-FORMULA AKTIV,2.95
5648,BREF DO WC 750 ML,4.19
5649,BREF KULKI BLU AKTIV,5.49
5650,BREF KULKI BLUE TURK 50 G,5.49
5651,BREF WC KULKI,3.29
5652,BROS ZEL LAGODZACY UKASZENIA,4.41
5653,CHUSTECZKI  BABY KINDI 72 SZT,2.79
5654,CHUSTECZKI CHIGIENICZNE 100+50 GRATIS,2.79
5655,CHUSTECZKI DO HIG.INTYMNEJ 20,3.72
5656,CHUSTECZKI HAPPY,2.89
5657,CHUSTECZKI HAPPY NO 1,0.2
5658,CHUSTECZKI NAS.64 SZT,2.39
5659,CLIN DO SZYB 500 ML Z DOZOWNIKIEM,3.84
5660,DENATURAT 0_5 ML,2.17
5661,DLUGOPIS WYMAZYWALNY Z GOMKA NIEBIESKI,3.2
5662,E DO PLUKANIA 1_8 L KONC,6.69
5663,E PLYN DO PLUKANIA 500 ML,2.49
5664,E PROSZEK 300 G COLOR,2.46
5665,E PROSZEK 300G WHITE,2.494
5666,EVA MYDLO W PLYNIE 500 ML Z DOZOWNIKIEM,4.19
5667,EWA SZAMPON LAWENDA 400 ML,4.79
5668,FAIRY 1 L APPLE,3.97
5669,FLAMASTRY 12 SZT,0.01
5670,FOLIA ALUMINIOWA 10 M ANNA,2.37
5671,FOLIA ALUMINIOWA 10M PAN PACK,1.76
5672,FOLIA SPOZYWCZA 30M PACLAN,1.73
5673,GABKA DO KAPIELI I MASAZU,1.27
5674,GILLETTE PIANKA DO GOL.MAN,3.99
5675,GOLARKA WILKINSON XTREME 3,2.12333333333333
5676,HELP 0_5 L MIETA DO NACZYN,0.93
5677,HELP 1 L UNIWERSALNY,2.81
5678,HELP 1 L Z LANOLINA,2.49
5679,HELP 1L CZARNY,2.81
5680,HELP 300 G COLOR,1.39
5681,HELP 300 G WHITE,1.39
5682,HELP PLYN DO PLUKANIA 1 L FRESH,2.34
5683,HELP PLYN DO P?UKANIA KWIATOWY 1 L,2.34
5684,KLEJ KROPELKA,2.32
5685,KLEJ W SZTYFCIE DUZY,2.59
5686,KRET W TABLATKACH 3W1,0.83
5687,KUBEK 180 ML,0.08
5688,LAKIER DO WLOS.SYNTEZA 120ML ZAPAS,5.29
5689,LAKIER PROFESSIONAL 265ML,3.58
5690,LUDWIK D/NACZYN 0_5 L MIETA,2.34
5691,LUDWIK D/NACZYN 1L MIETOW,3.99
5692,MASZYNKA POLSILVER,1.02
5693,MASZYNKA WILKINSON XTREME 3 BEAUTY,2.54
5694,MOLA PAPIER BIALY 8,4.22
5695,MYDLO ARKO EXTRA 90 G,0.99
5696,MYDLO BAMBINO 90 G,1.3
5697,MYDLO DOVE 100G CREAM BAR,1.79
5698,MYDLO LUKSJA 90 G LINEN,0.8
5699,MYDLO LUKSJA COTTON 90 G,0.99
5700,MYDLO LUKSJS 90 G FRESH,0.99
5701,MYDLO SZARE 175 G,1.49
5702,NIVEA KREM 50ML,2.19
5703,ODSWIEZACZ  SZYSZKA LESNY,4.29
5704,ODSWIEZACZ SZYSZKA BEZ,4.29
5705,ODSWIEZACZ ZAPAS DO SZYSZKI,3.6
5706,PALMOLIVE SZAMPON 350 ML,4.29
5707,PALMOLIVE SZAMPON 350 ML PRZECIW LUPIEZO,4.29
5708,PAP LM FORWARD,11.6744444444444
5709,PAPIER DO PIECZENIA 8 M PAN PACK,2.25
5710,PAPIER SAMOPRZYLEPNY -8 KARTEK,2.49
5711,PAPIER SNIADANIOW.MAWA 300X325,0.43
5712,PAPIER SNIADANIOWY 100SZT PAN PACK,1.85
5713,PAPIER TOAL.8 SZT MEA NIEB,2.34
5714,PAPIER TOALETOWY MEA BIALY 4 ROLKI,2.34
5715,PAPIER TOALETOWY MEA BIA?A 8 SZT 3W 150,4.22
5716,PASTA DO ZEB COLODENT STRONG,2.1
5717,PASTA ELMEX JUNIOR,8.44
5718,PATYCZKI BELLA FOLIA 160 T,1.19
5719,PERSIL 280 G COLD,3.39
5720,PERSIL 280 G COLOR,3.39
5721,PERSIL DUO-CAPS 32 SZT,0.659047619047619
5722,PERSIL ZEL 1_46 DO PRANIA,9.99
5723,PERWOLL BLACK MAGIC 1L,6.14
5724,PIEPRZ CZARNY ZIARNO 15GR,0.99
5725,PLASTRY FAMILI,3.72
5726,PLATKI BELLA 80+30%,1.99
5727,PLATKI KOSMETYCZNE MEA 120 SZT,1.79
5728,PLYN AJAX 1L CZERWONY,3.89
5729,PODPASKI BELLA PERFECTA ORANGE,2.89
5730,PODPASKI NATUTRLLA CLASSIC BASIC 9,1.93
5731,PRONTO 300 ML ORGINAL,8.3
5732,PROSZEK DOSIA D/PRANIA 300GR BIA?E,1.69
5733,PUR 500 ML ACTION 3,2.45
5734,PUR 900 ML BALSAAM,3.35
5735,PUR 900 ML DLON+PAZN,3.35
5736,PUR ACTION 900 ML LEMON,3.35
5737,RECZNIK PAPIER.MEA 2WARSTWY,1.68
5738,RECZNIK PAPIEROWY MEA XXL 3 W100,4.22
5739,REKAW DO PIECZENIA 3 M,1.4
5740,REKAWICE JEDNORAZOWE,0.13777777777777805
5741,REKAWICE JEDNORAZOWE,0.155555555555556
5742,REKLAMOWKA Z UCHWYTEM,0.3
5743,SCIERKA UNIWERSALNA 5 SZT,2.06
5744,SILAN BLUE DREAM 1L,5.19
5745,SZAMPON POKRZYWA 240ML EVA NATURA,2.69
5746,SZAMPON Z CZARNA RZEPA 240 ML EVA NATURE,2.47
5747,SZAMPON ZE SKRZYPEM 240 ML EVA NATURE,2.69
5748,TAFT CZARNY 250 ML,6.08
5749,TAMPON BELLA 16,5.39
5750,TASMA BEZBARWNA,0.29
5751,TORBA OKOLICZNOSCIOWA,1.77
5752,TOREBKA,0.97
5753,TRAKTOR Z CUKIERKAMI,5.78
5754,VANISH OXI/ACTION MAX 30G PROSZEK,1.74
5755,WIN GALARETKA MALINOWA 75GR,1.0
5756,WKLADKI BELLA PANTY,1.62
5757,WKLADKI BELLA PANTY 20SZT,1.62
5758,WKLADKI BELLA PANTY SOFT,2.25
5759,WKLADKI INTIMA  BELLA 24,3.69
5760,WKLADKI PANTY INTIMA,3.69
5761,WKLADY DO ZNICZY  48 H,1.21
5762,WORKI NA SMIECI 60 L 16 SZT,2.17
5763,WORKI NA SMIECI 60L *15 SZT Z TASMA,2.87
5764,WOZEK ZAKUPOWY Z CUKIERKAMI,9.89
5765,ZAPALKI,0.1
5766,ZAPALNICZKA,0.92
5767,ZAPALNICZKA SPARK,2.1
5768,ZEL DO WLOSOW BIALY 150ML STYLE & A,1.15
5769,ZESZTY 16 KRATKA,0.31
5770,ZESZYT LINIA 60 K,0.79
5771,ZESZYT W KRATKE 60 K,0.75
5772,ZMYWACZ DO PAZNOKCI 50 ML,1.15
5773,ZMYWAK KUCHENNY MALY 1 SZT,0.18
5774,ZNICZ CZERWONY,2.96
5775,ZNICZ CZERWONY SERCE,3.92
5776,ZNICZ KWIAT,4.76
7537,APART PLYN DO KAPIELI 750 ML,6.1
7538,APART PLYN DO KAPIELI 750 ML,6.1
7539,ARIEL KAPSU?KI DO BIA?EGO 32SZT,0.78
7540,ARIEL KAPSU?KI DO KOLORU 32SZT,1.08
7541,BATERIA AA LR3,0.87
7542,BATERIA R6 AA,0.78
7543,BATERIA R6 ALKAICZ,0.78
7544,BELLA HERBS 12 SZT,2.53
7545,BELLA HERBS PODPASKI K.LIPY 12,2.53
7546,BIBULA MIX,0.75
7547,BLOK TECHNICZNY,0.89
7548,BREF 4 FORMU?A POWER,2.95
7549,BREF 4-FORMULA,2.95
7550,BREF 4-FORMULA AKTIV,2.95
7551,BREF 4-FORMULA LEMON,2.95
7552,BREF DO WC 750 ML,4.19
7553,BREF KULKI BLUE TURK 50 G,5.09
7554,BREF WC KULKI,3.29
7555,CHUSTECZKI BABY KINDII 60 SZT,2.94
7556,CHUSTECZKI DO KOLOROW 10 SZT,6.11
7557,CHUSTECZKI NAS.64 SZT,2.39
7558,CHUSTECZKI NASA.56 SZT HAPPY,2.39
7559,CLIN DO SZYB 500 ML Z DOZOWNIKIEM,3.89
7560,CLIN LEMON 500 ML Z DOZ.,3.89
7561,CLIN ZAPAS 500 ML,3.07
7562,COLGATE SZCZOTECZKA PLUS MEDIUM,1.65
7563,DENATURAT 0_5 ML,2.17
7564,DOMESTOS 750 ML BLU ZERO,4.99
7565,DOMESTOS 750 ML CITRUS,5.49
7566,DRUCIAK SPIRALNY,1.12
7567,E DO PLUKANIA 1_8 L KONC,6.69
7568,E DO PLUKANIA ELEGANCE PERFUM 0_9 L,4.3
7569,E PLYN DO PLUKANIA 1 L SATYNA,4.49
7570,E PLYN DO PLUKANIA 500 ML,2.49
7571,E PROSZEK 300 G COLOR,2.5025
7572,E PROSZEK 300G WHITE,2.63
7573,EVA MYDLO W PLYNIE 500 ML Z DOZOWNIKIEM,4.19
7574,EVA SIMPLE 500 ML SZAMPON Z JEDWABIEM,3.63
7575,EWA BALSAM DO OPALANIA 200 ML SOFT,10.74
7576,EWA KREM OCHRONNY 25 ML,5.56
7577,EWA OLEJEK DO OPALANIA150 ML,7.78
7578,EWA SZAMOPN BRZOZA 400 ML,4.79
7579,FOLIA ALUMINIOWA 10 M ANNA,2.37
7580,FOLIA ALUMINIOWA 10M PAN PACK,1.78
7581,FOLIA ALUMINIOWA 20 M,2.79
7582,GABKA DO KAPIELI,0.7
7583,GILLETTE MASZYNKA BLU 2 PLUS,1.96
7584,GILLETTE PIANKA DO GOL.MAN,3.99
7585,GUMA ORBIT 5 LIST.,0.93
7586,HELP 0_5 L MIETA DO NACZYN,0.93
7587,HELP 1 L Z LANOLINA,2.49
7588,HELP 300 G COLOR,1.39
7589,HELP 300 G WHITE,1.39
7590,HELP KOLOR 1_88 PROSZEK,5.85
7591,HELP PLYN DO PLUKANIA KONC.1 L,2.13
7592,HELP PLYN DO P?UKANIA KWIATOWY 1 L,2.34
7593,HELP PLYN DO WC 750 ML,2.34
7594,KLEJ SUPER GLUE,1.19
7595,KREM DO RAK ZIOLA POLSKIE,2.43
7596,KRET GRANULKI 500G,4.89
7597,KUBEK 180 ML,0.08
7598,LAKIER DO WLOS.SYNTEZA 120ML ZAPAS,5.29
7599,LUDWIK D/NACZYN 0_5 L MIETA,2.34
7600,LUDWIK D/NACZYN 1L MIETOW,3.99
7601,LUDWIK D/NACZYN BALSAM 500ML,2.12
7602,LYZKI 12 SZT,1.0
7603,MARKER CZARNY 1 SZT,1.09
7604,MASZYNKA POLSILVER,1.02
7605,MASZYNKA WILKINSON XTREME 3 BEAUTY,2.54
7606,MOLA PAPIER BIALY 8,4.22
7607,MYDLO ARKO EXTRA 90 G,0.99
7608,MYDLO BAMBINO 90 G,1.3
7609,MYDLO DOVE 100G CREAM BAR,1.79
7610,MYDLO DOVE OIL 100G,1.95
7611,MYDLO LUKSJA COTTON 90 G,0.99
7612,MYDLO LUKSJS 90 G FRESH,0.99
7613,MYDLO SAFINA 90 G OLIWKA,0.81
7614,MYDLO SZARE 175 G,1.49
7615,MYDLO W PLYNIE 500 ML Z DOZOWNIKIEM,3.71
7616,MYD?O ARKO CREAMY 90 G,1.03
7617,NIVEA KREM 50ML,2.19
7618,NIVEA SZAMPIN 2*1 250 ML,6.99
7619,NOTES Z KOTKIEM,2.59
7620,NOZE 12 SZT,1.0
7621,ODPLAMIACZ VANISH 100ML P?YN SASZETKA,1.64
7622,ODSWIEZACZ SZYSZKA KONWALIA,4.29
7623,ODSWIEZACZ ZAPAS,3.19
7624,ODSWIEZACZ ZAPAS,3.6
7625,OLOWEK TECHNICZNY BIC,0.92
7626,OPASKA DZIANA PODTRZYMUJACA 10 CM *4M,0.45
7627,PAP LM FORWARD,11.69
7628,PAPIER DO PIECZENIA 8 M PAN PACK,2.25
7629,PAPIER KOLOROWY 8 KART.,0.84
7630,PAPIER SNIADANIOW.MAWA 300X325,0.43
7631,PAPIER SNIADANIOWY 100SZT PAN PACK,1.85
7632,PAPIER TOAL 8 ROL 2WAR,3.29
7633,PAPIER TOAL.8 SZT MEA NIEB,2.34
7634,PAPIER TOALETOWY MEA BIALY 4 ROLKI,2.34
7635,PAPIER TOALETOWY MEA BIA?A 8 SZT 3W 150,4.22
7636,PASTA COLODENT SUP.SWIEZOSC 100G,2.19
7637,PASTA D/ZEB COLODENT SUP.BIEL 100G,2.1
7638,PASTA DO ZEB COLODENT STRONG,2.1
7639,PASTA DO ZEB.COLODENT 4IN1,2.19
7640,PASTA ELMEX +PLYN,8.89
7641,PATYCZKI BELLA FOLIA 160 T,1.19
7642,PERSIL 280 G COLOR,3.39
7643,PERSIL DUO-CAPS 32 SZT,0.648461538461538
7644,PERSIL EXPERT 4_4 KG,32.49
7645,PERSIL ZEL 1_46 DO PRANIA,9.99
7646,PERWOL DO PRANIA BLACK BRIL.1 L,6.93
7647,PERWOLL COLOR MAGIC 1L,6.14
7648,PERWOLL PLYN 900 ML,6.14
7649,PIEPRZ CZARNY ZIARNO 15GR,0.99
7650,PLASTRY FAMILI,3.72
7651,PLATKI BELLA 80+30%,1.99
7652,PLATKI KOSMETYCZNE MEA 120 SZT,1.862
7653,PLYN  AJAX 1L KWIATY NIEBIESKI,3.89
7654,PLYN AJAX 1L CZERWONY,3.89
7655,PLYN AJAX FDF FIOLETOWY 1L,3.89
7656,PLYN DO KAPIELI 750 ML EVA,5.39
7657,PLYN DO KAPIELI JODLA 750 ML EVA,5.39
7658,PODPASKI BELLA PERFECTA ORANGE,2.89
7659,PODPASKI NATURELLA MAXI  8,2.34
7660,PODPASKI NATURELLA ULT.NOR.10,2.34
7661,PODPASKI NATURELLA ULTRA NORMAL,2.77
7662,PRONTO CLASIC 250+50,8.3
7663,PROSZEK DOSIA D/PRANIA 300GR BIA?E,1.69
7664,PUR 900 ML BALSAAM,3.35
7665,PUR 900 ML POWER,3.35
7666,PUR ACTION 900 ML LEMON,3.35
7667,RECZNIK PAPIEROWY MEA 2W 100,2.69
7668,RECZNIK PAPIEROWY MEA XXL 3 W100,4.22
7669,REKAW DO PIECZENIA 3 M,1.4
7670,REKAWICE JEDNORAZOWE,0.2
7671,REKAWICE JEDNORAZOWE,0.2
7672,REKLAMOWKA Z UCHWYTEM,0.3
7673,SAMOCHOD STRAZ Z CUKIERKAMI,7.52
7674,SCIERKA DO PODLOGI BIALA,1.4
7675,SCIERKA UNIWERSALNA 5 SZT,2.06
7676,SILAN BLUE DREAM 1L,4.89666666666667
7677,SOFTLAN PLYN DO PLUK.NIEB 1 L,5.19
7678,SOL ODPLAMIAJACA 25 G,0.69
7679,SOMAT TABLETKI 10 SZT,5.99
7680,SPIRYTUS SALICYNOWY 90 G,1.72
7681,SZAMPON POKRZYWA 240ML EVA NATURA,2.69
7682,SZAMPON RUMIANEK 240ML EVA NATURA,2.47
7683,SZAMPON TATARO-CHMIEL 240 ML EVA NATURE,2.69
7684,TAFT CZARNY 250 ML,6.08
7685,TAFT CZERWONY,6.08
7686,TAFT LAKIER,6.08
7687,TALERZE DUZE 6 SZT,3.72
7688,TAMPON BELLA  A16 SUPER,5.39
7689,TAMPONY 16 SZTEASY,5.39
7690,TORBA,2.02
7691,TORBA OKOLICZNOSCIOWA,2.56
7692,TORBA OKOLICZNOSCIOWA,1.82
7693,TOREBKA,1.68
7694,TRAKTOR Z CUKIERKAMI,5.78
7695,WELLAFLEX LAKIER 250 ML,6.49
7696,WIN GALARETKA MALINOWA 75GR,1.0
7697,WKLADKI BELLA PANTY SOFT,2.25
7698,WKLADKI INTIMA  BELLA 24,3.69
7699,WKLADKI PANTY INTIMA,3.69
7700,WKLADY DO ZNICZY  48 H,1.21
7701,WORECZKI DO LODU 252 KULKI,0.93
7702,WORKI NA SMIECI 60 L 16 SZT,2.17
7703,WOZEK ZAKUPOWY Z CUKIERKAMI,9.89
7704,ZAPALKI,0.08
7705,ZAPALKI,0.1
7706,ZAPALNICZKA,0.92
7707,ZEL DO WLOSOW BIALY 150ML STYLE & A,1.15
7708,ZESTAW PIKNIKOWY 6,3.28
7709,ZESZTY 16 KRATKA,0.31
7710,ZESZYT 32 LINIA SZEROKA,0.5
7711,ZESZYT LINIA 60 K,0.79
7712,ZESZYT W KRATKE 60 K,0.75
7713,ZIMNE OGNIE,0.49
7714,ZMYWACZ DO PAZNOKCI 50 ML,1.15
7715,ZMYWAK KUCHENNY MALY 1 SZT,0.18037383177570104
7716,ZNICZ KWIAT,4.24
9571,ARIEL KAPSU?KI DO BIA?EGO 32SZT,0.78
9572,BAMBINO OLIWKA DLA DZIECI 150G,5.99
9573,BATERIA R6 ALKAICZ,0.78
9574,BELLA HERBS 12 SZT,2.49
9575,BELLA HERBS PODPASKI K.LIPY 12,2.49
9576,BREF 4 FORMU?A POWER,2.95
9577,BREF 4-FORMULA,2.95
9578,BREF 4-FORMULA AKTIV,2.95
9579,BREF 4-FORMULA LEMON,2.95
9580,BREF KULKI BLUE TURK 50 G,5.25
9581,BREF WC KULKI,3.29
9582,BREF ZEL 700 ML 10 X,6.29
9583,CHUSTECZKI CHIGIENICZNE 100+50 GRATIS,2.79
9584,CHUSTECZKI HAPPY NAS. 64 SZT,2.99
9585,CHUSTECZKI HAPPY NASACZ.64 SZT,2.99
9586,CHUSTECZKI NASACZ.DO DZIECI 72 SZT,1.99
9587,CLIN 500 ML Z ROSPL APPLA,3.84
9588,CLIN DO SZYB 500 ML Z DOZOWNIKIEM,3.89
9589,CLIN ZAPAS 500 ML,3.07
9590,CLIN ZAPAS 500 ML,3.39
9591,DLUGOPIS WYMAZYWALNY Z GOMKA NIEBIESKI,3.2
9592,DOMESTOS 750 ML LIME ZERO,4.99
9593,DOMESTOS ZIELONY 750 ML,4.19
9594,DRUCIAK SPIRALNY,1.12
9595,E DO PLUKANIA 1_8 L KONC,6.34
9596,E DO PLUKANIA 1_8 L KONC,6.34
9597,E DO PLUKANIA 2 L KONC,6.19
9598,E DO PLUKANIA ELEGANCE PERFUM 0_9 L,4.69
9599,E PLYN DO PLUKANIA 500 ML,2.25
9600,E PROSZEK 300 G COLOR,2.63
9601,E PROSZEK 300G WHITE,2.63
9602,EVA MYDLO W PLYNIE 500 ML Z DOZOWNIKIEM,4.19
9603,EVA MYDLO W PLYNIE Z DOZOW 500 ML,3.71
9604,EVA SIMPLE SZAMPON 500 ML Z JEMIO?A,3.63
9605,EVA SIMPLE SZAMPON 500 ML Z LANOLINA,3.63
9606,EVA SIMPLE ZEL DO MYCIA CIALA 500 ML,3.63
9607,EWA SZAMOPN BRZOZA 400 ML,4.79
9608,EWA SZAMPON LAWENDA 400 ML,4.79
9609,FOLIA ALUMINIOWA 10M PAN PACK,1.78
9610,FOLIA ALUMINIOWA 20 M,3.11666666666667
9611,GABKA  CZYSCIK,1.27
9612,GABKA DO KAPIELI,0.7
9613,GABKA DO KAPIELI,0.89
9614,GILELETTE PIANKA DO GOLENIA,3.99
9615,GILLETTE MASZYNKA BLU 2 PLUS,1.96
9616,GILLETTE ZEL  SKORA WRAZLIWA,6.49
9617,GOLARKA BIC 1 SZT,0.8
9618,GOLARKA WILKINSON XTREME 3,1.96
9619,GUMA ORBIT 5 LIST.,0.93
9620,HELP 0_5 L MIETA DO NACZYN,0.93
9621,KLEJ SUPER GLUE,1.1725
9622,KREM DO GOLENIA LIDER CLASSIC,1.64
9623,KRET GRANULKI 500G,4.89
9624,LAKIER PROFESSIONAL 265ML,3.58
9625,LEP NA MUCHY BROS 1 SZT,0.42
9626,LUDWIK D/NACZYN 1L MIETOW,3.82875
9627,LUDWIK D/NACZYN 500 ML CYTRYNA,2.15
9628,LUDWIK D/NACZYN BALSAM 500ML,2.12
9629,LUDWIK DO DREWNA 1 L,3.99
9630,LUDWIK MLECZKO DO CZYSZCZENIA 300 ML,2.99
9631,LUDWIK P?YN DO MYCIA SZYB/GLAZUR CYTRYNA,3.79
9632,LUDWIK P?YN DO SZYB I GLAZUR 750ML,3.79
9633,MARKER CZARNY 1 SZT,1.09
9634,MASZYNKA JEDNORAZOWA WIKINSON,0.67
9635,MYDLO ARKO EXTRA 90 G,0.99
9636,MYDLO BAMBINO 90 G,1.3
9637,MYDLO DOVE 100G CREAM BAR,1.79
9638,MYDLO LUKSJA COTTON 90 G,0.99
9639,MYDLO LUKSJA CREAM 100 G,0.8
9640,MYDLO SAFINA 90 G OLIWKA,0.81
9641,MYDLO SZARE 175 G,1.49
9642,MYDLO W PLYNIE 500 ML SASZETKA ABE,2.25
9643,MYDLO W PLYNIE 500 ML Z DOZOWNIKIEM,4.19
9644,MYDLO W PLYNIE SASZETKA 500 ML ABE,2.25
9645,MYD?O ARKO CREAMY 90 G,1.01666666666667
9646,MYD?O LUKSJA W KOSTCE CREMY 90G,0.75
9647,NAP SPRITE 0_2 PUSZKA,0.84
9648,NIVEA KREM 50ML,2.19
9649,NIVEA SZAMPIN 2*1 250 ML,6.99
9650,ODPLAMIACZ VANISH 100ML P?YN SASZETKA,1.565
9651,ODSWIEZACZ ZAPAS,3.6
9652,ODSWIEZACZ ZAPAS,3.6
9653,ODSWIEZACZ ZAPAS DO SZYSZKI,3.6
9654,ODSWIEZACZ ZAPAS DO SZYSZKI,3.6
9655,ODSWIEZACZ ZAPAS SZYSZKA,3.6
9656,OLOWEK TECHNICZNY BIC,0.92
9657,OPASKA DZIANA PODTRZYMUJACA 10 CM *4M,0.45
9658,PAP LM FORWARD,11.838235294117599
9659,PAPIER DO PIECZENIA 8 M PAN PACK,2.25
9660,PAPIER SNIADANIOW.MAWA 300X325,0.43
9661,PAPIER SNIADANIOWY 100SZT PAN PACK,1.85
9662,PAPIER TOAL 8 ROL 2WAR,3.32333333333333
9663,PAPIER TOAL.8 SZT MEA NIEB,3.28
9664,PAPIER TOALETOWY MEA BIALY 4 ROLKI,2.53
9665,PAPIER TOALETOWY MEA BIA?A 8 SZT 3W 150,4.22
9666,PAPIER TOALETOWY VELVET 8+2,5.39
9667,PASTA COLODENT BIEL 100G,2.19
9668,PASTA DO ZEB.COLODENT 4IN1,2.19
9669,PASTA ELWEX 50 ML DO DZIECI,8.11
9670,PATYCZKI BELLA FOLIA 160 T,1.19
9671,PATYCZKI HIG MEA 160 SZT,0.93
9672,PERSIL 280 G COLD,3.39
9673,PERSIL 280 G COLOR,3.39
9674,PERSIL DUO-CAPS 32 SZT,0.64
9675,PERWOL 900 ML RENEW BLACK,6.29
9676,PERWOL 900 ML RENEW KOLOR,6.29
9677,PERWOLL PLYN 900 ML,6.14
9678,PIEPRZ CZARNY ZIARNO 15GR,0.99
9679,PLASTELINA 10 SZT,2.19
9680,PLASTRY FAMILI,3.64666666666667
9681,PLATKI KOSMETYCZNE MEA 120 SZT,1.87
9682,PLYN AJAX ZIELONY 1L,3.84
9683,PLYN DO KAPIELI 750 ML EVA,5.39
9684,PLYN DO KAPIELI BURSZTYN 750 ML EVA,5.39
9685,PLYN DO KAPIELI JODLA 750 ML EVA,5.39
9686,PLYN UNIWERSALNY AJAX 1 L,3.79
9687,PODPASKI NATURELLA ULTRA NORMAL,2.77
9688,PROSZEK DOSIA D/PRANIA 300GR BIA?E,1.69
9689,PUMEKS BIALY,0.84
9690,PUR 500 ML ACTION 3,2.45
9691,PUR 900 ML BALSAAM,3.45
9692,PUR 900 ML DLON+PAZN,3.45
9693,PUR ACTION 900 ML LEMON,3.45
9694,RECZNIK PAPIEROWY 2 MEA,2.4
9695,RECZNIK PAPIEROWY MEA 2W 100,2.69
9696,REKAW DO PIECZENIA 3 M,1.4
9697,REKAWICE JEDNORAZOWE,0.2
9698,REKLAMOWKA Z UCHWYTEM,0.3
9699,SCIERKA UNIWERSALNA 5 SZT,2.06
9700,SCIERKI UNIWERSALNE 3X,1.22
9701,SILAN DO PLUKANIA 925 ML,4.75
9702,SKARPETY,4.15
9703,SOFTLAN PLYN DO PLUK.NIEB 1 L,5.05666666666667
9704,SOL ODPLAMIAJACA 25 G,0.69
9705,SOMAT MACHINE 1_5KG,4.99
9706,SPIRYTUS SALICYNOWY 90 G,1.72
9707,SZAM FAMILIJNY POLLENA 500ML,2.99
9708,SZAM FAMILJNY NIEBIESKI 0_5L,2.99
9709,SZAMPON TATARO-CHMIEL 240 ML EVA NATURE,2.69
9710,SZAMPON Z CZARNA RZEPA 240 ML EVA NATURE,2.47
9711,SZAMPON ZE SKRZYPEM 240 ML EVA NATURE,2.69
9712,SZCZOT_D/Z?B_MAXI CLEAN 40 MEDIUM DUO,4.41
9713,SZCZOTECZKA DO RAK Z RACZKA,1.67
9714,TAFT CZARNY 250 ML,6.08
9715,TAFT LAKIER,6.08
9716,TAMPON BELLA  A16 SUPER,5.39
9717,TASMA BEZBARWNA,0.29
9718,TASMA PAKOWA SZEROKA,1.69
9719,TORBA,2.02
9720,TORBA  T3,1.55
9721,TYTAN PLYN DO WC 700ML NIEBIESKI,3.39
9722,WIN GALARETKA MALINOWA 75GR,1.01
9723,WIREK  PLYN DO PRANIA CZARNYCH 1 L,3.15
9724,WIREK PLYN DO PRANIE KOLOR 1 L,3.15
9725,WKLADKI BELLA PANTY,1.59
9726,WKLADKI BELLA PANTY 20SZT,1.59
9727,WKLADY DO ZNICZY  48 H,1.21
9728,WORECZKI DO LODU 252 KULKI,0.93
9729,WORECZKI SNIADANIOWE 100 SZT,1.12
9730,WORKI NA SMIECI 120 L*10 SZT,2.7
9731,WORKI NA SMIECI 60 L*50 SZT,2.99
9732,WOZEK ZAKUPOWY Z CUKIERKAMI,9.89
9733,ZAPALKI,0.08
9734,ZAPALNICZKA,0.92
9735,ZESZYT LINIA 60 K,0.79
9736,ZESZYT W KRATKE 60 K,0.75
9737,ZMYWACZ  DO PAZNOKCI,1.08
9738,ZMYWACZ DO PAZNOKCI 50 ML,1.15
9739,ZMYWACZ DO PAZNOKCI 50ML EVINA,0.67
9740,ZMYWACZ KWIATEK,1.27
9741,ZMYWAK KUCHENNY MALY 1 SZT,0.18
9742,ZMYWAK KUCZENNY Z UCHWYTEM,0.59
9743,ZNICZ MALY,0.92
11611,BAMBINO OLIWKA DLA DZIECI 150G,5.99
11612,BATERIA R6 ALKAICZ,0.78
11613,BELLA CHUSTECZKI ODSWIEZAJACE 10,1.75
11614,BELLA HERBS 12 SZT,2.49
11615,BELLA PODPASKI  MAX GREEN,2.89
11616,BIBULA MIX,0.75
11617,BREF 4 FORMU?A POWER,2.87
11618,BREF 4-FORMULA,2.95
11619,BREF 4-FORMULA AKTIV,2.89
11620,BREF 4-FORMULA LEMON,2.79
11621,BREF KULKI BLU AKTIV,5.29
11622,BREF KULKI WC,2.99
11623,BREF WC KULKI,3.29
11624,BROS PLYN NA KOMARY DLA DZIECI,5.25
11625,CHUSTECZKI CHIGIENICZNE 100+50 GRATIS,2.79
11626,CHUSTECZKI HAPPY NAS. 64 SZT,2.99
11627,CHUSTECZKI HAPPY NASACZ.64 SZT,2.99
11628,CHUSTECZKI HAPPY NAS?CZ.64SZT,2.99
11629,CHUSTECZKI HAPPY NO 1,0.2
11630,CHUSTECZKI NASA.56 SZT HAPPY,2.39
11631,CHUSTECZKI NASACZ.DO DZIECI 72 SZT,1.99
11632,CLIN LEMON 500 ML Z DOZ.,3.89
11633,CLIN ZAPAS 500 ML,2.94
11634,DOMESTOS 750ML NIEBIESKI,4.19
11635,DOMESTOS ZIELONY 750 ML,4.19
11636,DRUCIAK SPIRALNY,1.12
11637,E DO PLUKANIA 1_8 L KONC,5.99
11638,E DO PLUKANIA 2 L KONC,5.99
11639,E PLYN DO PLUKANIA 1 L,3.85
11640,E PLYN DO PLUKANIA 1 L SATYNA,4.69
11641,E PLYN DO PLUKANIA 500 ML,2.25
11642,E PROSZEK 300 G COLOR,2.63
11643,E PROSZEK 300G WHITE,2.63
11644,EWA BALSAM DO OPALANIA 200 ML,8.53
11645,EWA BALSAM DO OPALANIA 200 ML,9.26
11646,EWA BALSAM DO OPALANIA 200 ML SOFT,10.74
11647,EWA MYDLO Z DOZOWNIKIEM 500 ML ROZA,4.19
11648,EWA SZAMOPN BRZOZA 400 ML,4.79
11649,FOLIA ALUMINIOWA 10 M,1.89
11650,FOLIA ALUMINIOWA 20 M,3.39
11651,FOLIA ALUMINIOWA 20 M,3.28
11652,GABKA DO KAPIELI,0.7
11653,GABKA DO KAPIELI,0.89
11654,GILLETTE MASZYNKA BLU 2 PLUS,1.96
11655,GOLARKA BIC 1 SZT,0.8
11656,GOLARKA WILKINSON XTREME 3,1.96
11657,GUMA ORBIT 5 LIST.,0.93
11658,HELP 0_5 L MIETA DO NACZYN,0.93
11659,HELP 1L CZARNY,2.81
11660,KLEJ BIUROWY,0.79
11661,KLEJ KROPELKA,2.35
11662,KLEJ SUPER GLUE,1.12
11663,KLEJ W SZTYFCIE,0.99
11664,KRAZKI KUKURYDZIANE 60 G,1.54
11665,KREM BAMBINO 75ML,3.79
11666,KREM DO GOLENIA LIDER CLASSIC,1.64
11667,KREM DO RAK EVA LEN 100 G,3.5
11668,KRET GRANULKI 200G,3.39
11669,KRET GRANULKI 400 G,4.99
11670,KRET W TABLATKACH 3W1,0.83
11671,LEP NA MUCHY BROS 1 SZT,0.42
11672,LUDWIK D/NACZYN 0_5 L MIETA,2.34
11673,LUDWIK D/NACZYN 500 ML CYTRYNA,2.15
11674,LUDWIK D/NACZYN BALSAM 1L,3.23
11675,LUDWIK DO DREWNA 1 L,3.99
11676,LUDWIK MLECZKO DO CZYSZCZENIA 300 ML,2.99
11677,LUDWIK MLECZKO DO CZYSZCZENIA 300 ML,2.99
11678,MARKER CZARNY 1 SZT,1.09
11679,MASZYNKA JEDNORAZOWA WIKINSON,0.67
11680,MASZYNKA WILKINSON XTREME 3 BEAUTY,2.54
11681,MYDLO ARKO EXTRA 90 G,0.99
11682,MYDLO ARKO MIOD 90 G,0.99
11683,MYDLO BAMBINO 90 G,1.3
11684,MYDLO LUKSJA 90 G GLICERIN,0.99
11685,MYDLO LUKSJA CREAM 100 G,0.8
11686,MYDLO PALMOLIVE 90 G SENSATION,1.2
11687,MYDLO W PLYNIE 500 ML SASZETKA ABE,2.25
11688,MYD?O ARKO CREAMY 90 G,0.99
11689,MYD?O LUKSJA W KOSTCE CREMY 90G,0.99
11690,NAP SPRITE 0_2 PUSZKA,0.84
11691,NIVEA KREM 50ML,2.19
11692,NOTES Z KOTKIEM,2.59
11693,ODPLAMIACZ VANISH 100ML P?YN SASZETKA,1.49
11694,ODSWIEZACZ  SZYSZKA,4.29
11695,ODSWIEZACZ SZYSZKA KOKOS,4.29
11696,ODSWIEZACZ ZAPAS DO SZYSZKI,3.6
11697,ODSWIEZACZ ZAPAS SZYSZKA,3.6
11698,ODSWIEZACZ ZAPAS SZYSZKA,3.6
11699,PAP LM FORWARD,12.0107692307692
11700,PAPIER DO PIECZENIA 6M,1.54
11701,PAPIER DO PIECZENIA 8 M PAN PACK,2.25
11702,PAPIER SNIADANIOW.MAWA 300X325,0.46
11703,PAPIER TOAL.8 SZT MEA NIEB,3.28
11704,PAPIER TOALETOWY ALMUSSO 4 SZT,2.06
11705,PAPIER TOALETOWY MEA BIALY 4 ROLKI,2.53
11706,PAPIER TOALETOWY MEA BIA?A 8 SZT 3W 150,4.22
11707,PASTA COLODENT BIEL 100G,2.19
11708,PASTA COLODENT SUP.SWIEZOSC 100G,2.19
11709,PASTA D/ZEB COLODENT SUP.BIEL 100G,2.19
11710,PASTA DO ZEB COLODENT STRONG,2.19
11711,PASTA DO ZEB.COLODENT 4IN1,2.19
11712,PASTA ELWEX 50 ML DO DZIECI,8.11
11713,PATYCZKI BELLA FOLIA 160 T,1.19
11714,PATYCZKI HIG MEA 160 SZT,0.93
11715,PERSIL 280 G COLD,3.39
11716,PERSIL 280 G COLOR,3.39
11717,PERSIL DUO-CAPS 32 SZT,0.64
11718,PERSIL ZEL 1 L,9.99
11719,PERWOL 900 ML RENEW BLACK,6.29
11720,PERWOL 900 ML RENEW KOLOR,6.22333333333333
11721,PIEPRZ CZARNY ZIARNO 15GR,0.99
11722,PLASTRY FAMILI,3.5
11723,PLATKI BELLA 140 SZT,2.29
11724,PLATKI BELLA 80+30%,1.99
11725,PLATKI KOSM.BELLA KWADRAT 50SZT,2.59
11726,PLYN  AJAX 1L KWIATY NIEBIESKI,3.79
11727,PLYN AJAX 1L CZERWONY,3.79
11728,PLYN AJAX FDF FIOLETOWY 1L,3.79
11729,PLYN DO KAPIELI BURSZTYN 750 ML EVA,5.39
11730,PLYN UNIWERSALNY AJAX 1 L,3.79
11731,PLYTA CD I DVD,0.83
11732,PODPASKI BELLA PERF.ROSE,2.89
11733,PODPASKI BELLA PERFECTA ORANGE,2.89
11734,PROSZEK DOSIA D/PRANIA 300GR BIA?E,1.69
11735,PUR 900 ML DLON+PAZN,3.45
11736,PUR 900 ML POWER,3.35
11737,PUR ACTION 450 ML APPLE,2.49
11738,PUR ACTION 900 ML LEMON,3.45
11739,RECZNIK PAPIER.MEA 2WARSTWY,1.68
11740,RECZNIK PAPIEROWY BELLA KARO 2 ROLKI,2.39
11741,RECZNIK PAPIEROWY MEA 2W 100,3.0
11742,REKAW DO PIECZENIA 3 M,1.4
11743,REKAWICE GUMOWE 1 PARA,1.04
11744,REKAWICE JEDNORAZOWE,0.2
11745,REKLAMOWKA Z UCHWYTEM,0.37
11746,SAMOCHOD STRAZ Z CUKIERKAMI,7.52
11747,SCIERKA 5 SZT,1.4
11748,SCIERKA UNIWERSALNA 5 SZT,2.06
11749,SCIERKI UNIWERSALNE 3X,1.22
11750,SILAN 1_85 ORANGE,8.16
11751,SILAN 925 ML ORANGE,5.19
11752,SILAN DO PLUKANIA 925 ML,4.97
11753,SOFTLAN PLYN DO PLUK.NIEB 1 L,4.99
11754,SOL ODPLAMIAJACA 25 G,0.69
11755,SPIRYTUS SALICYNOWY 90 G,1.72
11756,SZAM FAMILIJNY POLLENA 500ML,2.99
11757,SZAM FAMILJNY NIEBIESKI 0_5L,2.99
11758,SZAMPON POKRZYWA 240ML EVA NATURA,2.69
11759,SZAMPON TATARO-CHMIEL 240 ML EVA NATURE,2.69
11760,SZAMPON Z CZARNA RZEPA 240 ML EVA NATURE,2.69
11761,SZAMPON ZE SKRZYPEM 240 ML EVA NATURE,2.69
11762,SZCZOT_D/Z?B_MAXI CLEAN 40 MEDIUM DUO,4.41
11763,SZCZOTECZKA DO RAK Z RACZKA,1.69
11764,SZCZOTECZKA DO ZEBOW,1.59
11765,TALERZE DUZE 6 SZT,3.72
11766,TAMPON BELLA  A16 SUPER,5.19
11767,TAMPON BELLA 16,5.39
11768,TEMPEROWKA,0.54
11769,TORBA OKOLICZNOSCIOWA,1.82
11770,TOREBKA,0.97
11771,TYTAN DO WC 700G ZIELONY,3.39
11772,WIN GALARETKA MALINOWA 75GR,1.01
11773,WIREK PLYN DO PRANIA 1 L BIEL,3.15
11774,WIREK PLYN DO PRANIE KOLOR 1 L,3.15
11775,WKLADKI BELLA PANTY,1.59
11776,WKLADKI PANTY INTIMA,3.49
11777,WKLADKI PANTY SOFT DEO 20,2.25
11778,WKLADY DO ZNICZY  48 H,1.21
11779,WORECZKI SNIADANIOWE 100 SZT,1.12
11780,WORKI NA SMIECI 120 L*10 SZT,2.7
11781,WORKI NA SMIECI 60 L 16 SZT,2.17
11782,WORKI NA SMIECI 60 L*50 SZT,2.99
11783,WORKI NA SMIECI 60L *15 SZT Z TASMA,2.87
11784,ZAPALKI,0.08
11785,ZESTAW PIKNIKOWY 6,3.28
11786,ZESZYT 16 K KRATKE,0.44
11787,ZESZYT 16 K KRATKE,0.38
11788,ZESZYT 32 K KRATKE,0.62
11789,ZESZYT 60 K KRATKE,0.99
11790,ZMYWACZ DO PAZNOKCI 50ML EVINA,0.67
11791,ZMYWACZ DO PAZNOKCI 70 ML,1.19
11792,ZMYWACZ KWIATEK,1.27
13600, PATYCZKI BELLA 200,1.77
13601,ACE 1 L LEMON,3.69
13602,BATERIA R6 AA,0.78
13603,BELLA CHUSTECZKI ODSWIEZAJACE 10,1.75
13604,BELLA HERBS PODPASKI K.LIPY 12,2.49
13605,BELLA HUSTECZKI NAS.10 SZT,2.04
13606,BELLA PODPASKI  MAX GREEN,2.89
13607,BLOK RYSUNKOWY,1.02
13608,BLOK RYSUNKOWY A3,1.73
13609,BLOK TECHNICZY A4,1.2
13610,BRAIT KULKI DO WC,2.13
13611,BREF 4 FORMU?A POWER,2.79
13612,BREF 4-FORMULA,2.79
13613,BREF 4-FORMULA AKTIV,2.79
13614,BREF 4-FORMULA LEMON,2.79
13615,BREF 700 ML ZEL WC,4.39
13616,BREF 700 ML ZEL WC,4.39
13617,BREF KULKI 3*50 G,6.99
13618,BREF KULKI 3*50 G,6.99
13619,BREF KULKI 3*50 G,6.99
13620,BREF KULKI 3*50G,6.99
13621,BREF KULKI BLU AKTIV,5.21
13622,BREF KULKI BLUE TURK 50 G,5.25
13623,BREF KULKI WC,2.99
13624,BREF KULKI WC PERFUME,4.79
13625,BROS LEP NA OKNO,3.75
13626,CHUSTECZKI,0.2
13627,CHUSTECZKI  BABY KINDI 72 SZT,2.79
13628,CHUSTECZKI CHIGIENICZNE 100+50 GRATIS,2.79
13629,CHUSTECZKI DO HIG.INTYMNEJ BELLA A20 SEN,3.72
13630,CHUSTECZKI DO KOLOROW 10 SZT,5.93
13631,CHUSTECZKI HAPPY NO 1,0.2
13632,CHUSTECZKI MEA 100 SZT,1.63
13633,CHUSTECZKI NAS.64 SZT,2.39
13634,CHUSTECZKI NASA.56 SZT HAPPY,2.39
13635,CLIN DO SZYB 500 ML Z DOZOWNIKIEM,3.73
13636,CLIN LEMON 500 ML Z DOZ.,3.65
13637,CLIN ZAPAS 500 ML,2.94
13638,CLIN ZAPAS 500 ML,3.39
13639,COLGATE SZCZOTECZKA ZIG ZAG,4.74
13640,DA JOGURT ALE PITNY TRUS.290 G,1.61384615384615
13641,DENATURAT 0_5 L BIALY,2.09
13642,DLUGOPIS KOLOR,0.01
13643,DLUGOPIS NIEBIESKI 1 SZT,0.35
13644,DO PIELEGNACJI MEBLI 400ML GOLD WAX,3.99
13645,DRUCIAK SPIRALNY,1.11
13646,E DO PLUKANIA 0_9 L,3.85
13647,E DO PLUKANIA ELEGANCE PERFUM 0_9 L,4.186
13648,E PLYN DO PLUKANIA 1 L,3.85
13649,E PLYN DO PLUKANIA 1 L SATYNA,3.85
13650,E PROSZEK 300G WHITE,2.63
13651,E PROSZEK 4_9 KG,19.86
13652,EWA SZAMPON LAWENDA 400 ML,4.79
13653,FOLIA ALUMINIOWA 10 M,1.89
13654,FOLIA ALUMINIOWA 10M PAN PACK,1.765
13655,FOLIA ALUMINIOWA 20 M,3.39
13656,FOLIA ALUMINIOWA 20 M,3.28
13657,FOLIA SPOZYWCZA 30M PACLAN,1.73
13658,GILLETTE PIANKA DO GOLENIA 200 ML,4.89
13659,GILZY GOLDEN 100+15 A^,1.41
13660,GOLARKA WILKINSON XTREME 3,1.96
13661,GUMA ORBIT 5 LIST.,0.93
13662,HELP 300 G COLOR,1.39
13663,HELP 300 G WHITE,1.39
13664,KLEJ KROPELKA,2.33
13665,KLEJ W SZTYFCIE DUZY,2.59
13666,KOPERTA 1 SZT,0.06
13667,KRAZKI KUKURYDZIANE 60 G,1.54
13668,KREDKI O?OWKOWE 12 SZT,1.68
13669,KREDKI SWIECACE 12 SZT,1.04
13670,KREM DO GOLENIA LIDER CLASSIC,2.32
13671,KRET GRANULKI 400 G,4.99
13672,LAKIER DO WLOSOW 200 ML EVA,5.29
13673,LEP NA MUCHY BROS 1 SZT,0.42
13674,LUDWIK D/NACZYN 500 ML CYTRYNA,2.15
13675,LUDWIK DO PANELI 1 L,3.99
13676,LUDWIK DO ZATLUSZCZONYCH POWIERZ.0_75,3.95
13677,LUDWIK MLECZKO DO CZYSZCZENIA 300 ML,2.99
13678,LUDWIK P?YN DO MYCIA SZYB/GLAZUR CYTRYNA,3.79
13679,LUDWIK P?YN DO SZYB I GLAZUR 750ML,3.79
13680,MASZYNKA POLSILVER,1.01
13681,MASZYNKA WILKINSON XTREME 3 BEAUTY,2.54
13682,MELT DO RUR 750 ML,17.8
13683,MISECZKI DO ZUP PLASTIK 12 SZT,1.55
13684,MYDLO ARKO EXTRA 90 G,0.99
13685,MYDLO ARKO MIOD 90 G,0.99
13686,MYDLO BIALY JELEN 150 G,2.99
13687,MYDLO LUKSJA 90 G GLICERIN,0.99
13688,MYDLO PALMOLIVE 100 G,1.44
13689,MYDLO PALMOLIVE 90 G MILD,1.2
13690,MYDLO PALMOLIVE 90 G SENSATION,1.2
13691,MYDLO SAFINA KREMOWE 90 GR,0.8
13692,MYDLO SZARE ATTIS 200GR,1.66
13693,MYD?O LUKSJA W KOSTCE CREMY 90G,0.99
13694,MYD?O LUKSJA W KOSTCE ROCE 90G,1.41
13695,NAP SPRITE 0_2 PUSZKA,0.84
13696,NIVEA DEZOD MEN 150 ML,6.19
13697,NIVEA KREM 50ML,2.19
13698,ODPLAMIACZ VANISH 100ML P?YN SASZETKA,1.49
13699,ODSWIEZACZ POWIETRZA SZYSZKA ZAPAS,3.6
13700,ODSWIEZACZ SPRAY 400 ML,3.27
13701,ODSWIEZACZ ZAPAS DO SZYSZKI,3.6
13702,ODSWIEZACZ ZAPAS SZYSZKA,3.6
13703,ODSWIEZACZ ZAPAS SZYSZKA,3.6
13704,OPASKA DZIANA PODTRZYMUJACA 10 CM *4M,0.45
13705,PAP LM FORWARD,12.013846153846199
13706,PAPIER KOLOROWY 8 KART.,0.84
13707,PAPIER SNIADANIOW.MAWA 300X325,0.48
13708,PAPIER TOAL.8 SZT MEA NIEB,3.28
13709,PAPIER TOALET SZARY 8 SZT,0.29
13710,PAPIER TOALETOWY ALMUSSO 4 SZT,2.06
13711,PAPIER TOALETOWY MEA BIA?A 8 SZT 3W 150,3.91
13712,PASTA COLODENT BIEL 100G,2.15
13713,PASTA COLODENT JUNIOR 56 G,2.13
13714,PASTA COLODENT SUP.SWIEZOSC 100G,2.19
13715,PASTA D/ZEB COLODENT SUP.BIEL 100G,2.19
13716,PASTA DO ZEB COLODENT STRONG,2.15
13717,PASTA DO ZEB.COLODENT 4IN1,2.19
13718,PASTA ELMEX JUNIOR,8.44
13719,PATYCZKI BELLA FOLIA 160 T,1.19
13720,PATYCZKI HIG MEA 160 SZT,0.93
13721,PERSIL 280 G COLD,3.39
13722,PERSIL 280 G COLOR,3.39
13723,PERSIL DUO-CAPS 32 SZT,0.64
13724,PERWOL 900 ML RENEW KOLOR,6.19
13725,PERWOLL PLYN 900 ML,6.14
13726,PIEPRZ CZARNY ZIARNO 15GR,0.99
13727,PLASTRY FAMILI,3.71
13728,PLATKI BELLA 140 SZT,2.29
13729,PLATKI BELLA 80+30%,1.99
13730,PLATKI KOSMETYCZNE MEA 120 SZT,1.85
13731,PLYN AJAX 1L CZERWONY,3.79
13732,PLYN AJAX FDF FIOLETOWY 1L,4.03
13733,PLYN DO KAPIELI 750 ML EVA,5.39
13734,PLYN DO WC  HELP ANTY KAMIEN 750ML,2.32
13735,PLYTA CD I DVD,0.83
13736,PODPASKI BELLA NOC 7 SZT,2.85
13737,PODPASKI BELLA NORMAL BEZ SKRZYD,1.29
13738,PODPASKI BELLA PERFECTA NIGHT,2.89
13739,PODPASKI BELLA PERFECTA ORANGE,2.89
13740,PODPASKI NATURELLA CLASSIC NORMAL 10,2.32
13741,PODPASKI NATURELLA ULTRA NORMAL,2.77
13742,PROSZEK DOSIA D/PRANIA 300GR COLOR,1.85
13743,PUR 500 ML ACTION 3,2.49
13744,PUR 900 ML BALSAAM,3.45
13745,PUR 900 ML DLON+PAZN,3.45
13746,PUR ACTION 450 ML APPLE,2.49
13747,PUR ACTION 900 ML LEMON,3.45
13748,RECZNIK PAPIER.MEA 2WARSTWY,1.63153846153846
13749,RECZNIK PAPIEROWY 2 MEA,2.4
13750,RECZNIK PAPIEROWY BELLA KARO 2 ROLKI,2.39
13751,REKAW DO PIECZENIA 3 M,1.4
13752,REKAWICE GUMOWE 1 PARA,1.04
13753,REKAWICE JEDNORAZOWE,0.164035087719298
13754,REKLAMOWKA Z LOGO ABC Z UCHWYTEM,0.36
13755,REKLAMOWKA Z UCHWYTEM,0.37
13756,SCIERKA 5 SZT,1.4
13757,SCIERKA JAK BAWELNA 5 SZT,2.78
13758,SCIERKA UNIWERSALNA 5 SZT,2.06
13759,SILAN 1_85 ORANGE,8.16
13760,SILAN 1L SENSITIVE.,5.19
13761,SILAN 925 ML ORANGE,5.19
13762,SILAN DO PLUKANIA 925 ML,5.19
13763,SOFIMA MYD?O Z DOZOWNIKIEM 500 ML,1.85
13764,SOFINA MYD?O Z DOZOWNIKIEM 500 ML,1.85
13765,SOL ODPLAMIAJACA 25 G,0.69
13766,SPIRYTUS SALICYNOWY 90 G,1.72
13767,SZAM DO DZIECI BAMBI 150ML,1.85
13768,SZAM FAMILIJNY POLLENA 500ML,2.99
13769,SZAMPON FAMILIJNY 0_7 L,4.08
13770,SZAMPON FAMILIJNY 700 ML,4.08
13771,SZAMPON POKRZYWA 240ML EVA NATURA,2.69
13772,SZAMPON RUMIANEK 240ML EVA NATURA,2.69
13773,SZAMPON ZE SKRZYPEM 240 ML EVA NATURE,2.69
13774,SZCZOT_D/Z?B_MAXI CLEAN 40 MEDIUM DUO,3.58
13775,SZCZOTECZKA DO RAK,1.45
13776,SZCZOTECZKA DO ZEBOW,1.76
13777,SZCZOTKA DO RAK,1.98
13778,TAFT LAKIER,6.08
13779,TASMA PAKOWA SZEROKA,1.59
13780,TOREBKA,0.97
13781,WIN GALARETKA MALINOWA 75GR,1.01714285714286
13782,WIREK PLYN DO PRANIA 1 L BIEL,3.15
13783,WIREK PLYN DO PRANIE KOLOR 1 L,3.15
13784,WKLADKI BELLA PANTY,1.59
13785,WKLADKI BELLA PANTY 20SZT,1.59
13786,WKLADKI INTIMA  BELLA 24,3.49
13787,WKLADKI PANTY INTIMA,3.49
13788,WKLADKI PANTY SOFT DEO 20,2.25
13789,WORECZKI SNIADANIOWE 100 SZT,1.12
13790,WORKI NA SMIECI 35L*50 SZT,1.45
13791,WORKI NA SMIECI 60 L*50 SZT,2.99
13792,WORKI NA SMIECI 60L *15 SZT Z TASMA,2.87
13793,WORKI NA SMIECI 60L 20SZT_TOP,1.39
13794,WORKI NA SMIECI Z USZANI  35L*26 SZT,1.72
13795,ZAPALKI,0.066153846153846
13796,ZAPALNICZKA,0.92
13797,ZAPALNICZKA,0.83
13798,ZEL DO WLOSOW BIALY 150ML STYLE & A,1.15
13799,ZEL POD PRYSZNIC SAFINA 500ML MESKI,2.5
13800,ZESZTY 16 KRATKA,0.31
13801,ZESZYT 16 K KRATKE,0.38
13802,ZESZYT 16 K KRATKE,0.44
13803,ZESZYT 60 K KRATKE,0.99
13804,ZESZYT 80 K,1.3
13805,ZESZYT 96 W SZER LINIE,1.99
13806,ZESZYT BLYSZCZACYCH PAPIEROW KOLOR  A5,0.64
13807,ZMYWACZ DO PAZNOKCI 50 ML,0.93
13808,ZNICZ KWIAT,4.76
13809,ZYLETKI POLSILVER STAINLES 2,0.87
15733,AJAX DO CZYSZCZENIA 500G LEMON,3.89
15734,BATERIA R6 ALKAICZ,0.78
15735,BIALY JELEN PLYN DO KAPIELI 750 ML,6.89
15736,BIALY JELEN PLYN DO KAPIELI 750 ML,6.89
15737,BIALY JELEN PLYN DO KAPIELI 750 ML,6.89
15738,BIBULA MIX,0.75
15739,BLOK RYSUNKOWY,1.02
15740,BLOK RYSUNKOWY A3,1.73
15741,BLOK RYSUNKOWY A3 KOLOR,3.2
15742,BLOK RYSUNKOWY A4 KOLOR,1.72
15743,BLOK TECHNICZNY 43 KOLOR,3.03
15744,BLOK TECHNICZNY A3,2.33
15745,BLOK TECHNICZNY A4 KOLOR,1.51
15746,BLOK TECHNICZY A4,1.2
15747,BOND PIANKA DO GOLENIA 200 ML,4.42
15748,BRAIT KULKI DO WC,2.13
15749,BREF 4 FORMU?A POWER,2.79
15750,BREF 4-FORMULA AKTIV,2.79
15751,BREF 4-FORMULA LEMON,3.39
15752,BREF 700 ML ZEL WC,4.39
15753,BREF KULKI 3*50 G,6.99
15754,BREF KULKI 3*50 G,6.99
15755,BREF KULKI 3*50G,6.99
15756,BREF KULKI WC PERFUME,4.79
15757,BREF ZEL 700 ML 10 X,5.09
15758,BROS LEP NA OKNO,3.75
15759,CHUST.NAWILZANE NANA 72 SZT,2.32
15760,CHUSTECZKI,0.2
15761,CHUSTECZKI  BABY KINDI 72 SZT,2.79
15762,CHUSTECZKI BABY KINDII 60 SZT,2.94
15763,CHUSTECZKI DO KOLOROW 10 SZT,5.93
15764,CHUSTECZKI DO PRANIA 5,2.09
15765,CHUSTECZKI MEA 100 SZT,1.63
15766,CIENKOPISY  6 KOLOR,0.01
15767,CLIN LEMON 500 ML Z DOZ.,3.922
15768,CLIN ZAPAS 500 ML,2.94
15769,CLIN ZAPAS 500 ML,3.39
15770,COLGATE SZCZOTECZKA ZIG ZAG,4.74
15771,DLUGOPIS NIEBIESKI 1 SZT,0.35
15772,DLUGOPIS WYMAZYWALNY Z GOMKA NIEBIESKI,3.2
15773,E PLYN DO PLUKANIA 1 L,3.85
15774,E PLYN DO PLUKANIA 1 L SATYNA,4.22
15775,E PROSZEK 300 G COLOR,2.63
15776,E PROSZEK 300G WHITE,2.63
15777,EWA KREM OCHRONNY 25 ML,5.56
15778,EWA SZAMOPN BRZOZA 400 ML,4.79
15779,EWA SZAMPON POTROJNA SILA ZIÃ“? 400 ML,4.78
15780,FAIRY 500 ML CYTRYNA,2.69
15781,FOLIA ALUMINIOWA 10 M,1.89
15782,FOLIA ALUMINIOWA 10M PAN PACK,1.76
15783,FOLIA ALUMINIOWA 20 M,3.39
15784,FOLIA ALUMINIOWA 20 M,3.28
15785,GABKA,0.63
15786,GILELETTE PIANKA DO GOLENIA,3.99
15787,GILLETTE MASZYNKA BLU 2 PLUS,1.94
15788,GILZY GOLDEN 100+15 A^,1.38
15789,GOLARKA WILKINSON XTREME 3,1.96
15790,GUMA ORBIT 5 LIST.,0.93
15791,HELP 300 G COLOR,1.39
15792,KLEJ KROPELKA,2.32
15793,KLEJ W SZTYFCIE DUZY,2.59
15794,KOPERTA 1 SZT,0.06
15795,KOREKTOR W SZTYFCIE,1.69
15796,KREM BAMBINO 75ML,3.79
15797,KREM DO GOLENIA LIDER CLASSIC,2.32
15798,KREM DO GOLENIA WARS,2.32
15799,KROCHMAL W PLYNIE ?UGA 500 ML,2.39
15800,KUBEK 180 ML,0.08
15801,KUSCHELWEICH 990 ML NIEBIESKI DO PLUKANI,4.99
15802,LAKIER DO WLOS.SYNTEZA 120ML ZAPAS,5.49
15803,LAKIER DO WLOSOW 200 ML EVA,5.29
15804,LAKIER DO WLOSOW EVA 200 ML,5.13
15805,LEP NA MUCHY BROS 1 SZT,0.42
15806,LINIJKA 20 CM,2.0
15807,LUDWIK D/NACZYN 1L MIETOW,3.66
15808,LUDWIK D/NACZYN 500 ML CYTRYNA,2.15
15809,LUDWIK DO ZATLUSZCZONYCH POWIERZ.0_75,3.95
15810,LUDWIK MLECZKO DO CZYSZCZENIA 300 ML,2.99
15811,MASZYNKA POLSILVER,1.01
15812,MELT DO RUR 750 ML,17.8
15813,MLECZKO CIF DO CZYSZCZENIA 540GR,7.43
15814,MLECZKO UNIWERSALNE 700GR HELP,2.34
15815,MOLA PAPIER ZOLTY 8,4.042
15816,MYDLO ARKO EXTRA 90 G,0.99
15817,MYDLO LUKSJA 90 G LINEN,1.16
15818,MYDLO PALMOLIVE 100 G,1.44
15819,MYDLO PALMOLIVE 90 G MILD,1.2
15820,MYDLO PALMOLIVE 90 G SENSATION,1.344
15821,MYDLO SAFINA JASMIN 90GR,0.8
15822,MYDLO SAFINA KREMOWE 90 GR,0.8
15823,MYDLO SZARE 175 G,1.59
15824,MYDLO SZARE ATTIS 200GR,1.66
15825,MYDLO W PLYNIE 500 ML SASZETKA ABE,2.25
15826,MYD?O LUKSJA W KOSTCE ROCE 90G,1.41
15827,NAP SPRITE 0_2 PUSZKA,0.84
15828,NIVEA KREM 50ML,2.19
15829,NOZE 12 SZT,1.0
15830,NOZYCZKI NIEBIESKIE,2.45
15831,ODPLAMIACZ VANISH 100ML P?YN SASZETKA,1.49
15832,OPASKA DZIANA PODTRZYMUJACA 10 CM *4M,0.45
15833,PAP LM FORWARD,11.774666666666699
15834,PAPIER DO PIECZENIA 6M,1.54
15835,PAPIER KOLOROWY 8 KART.,0.84
15836,PAPIER SAMOPRZYLEPNY -8 KARTEK,2.49
15837,PAPIER SNIADANIOW.MAWA 300X325,0.48
15838,PAPIER TOAL.8 SZT MEA NIEB,3.2757142857142902
15839,PAPIER TOAL.REGINA RUMIANEK 4 ROLKI,3.88
15840,PAPIER TOALET SZARY 8 SZT,0.29
15841,PAPIER TOALETOWY MEA BIA?A 8 SZT 3W 150,4.345
15842,PASTA COLODENT BIEL 100G,2.13
15843,PASTA COLODENT JUNIOR 56 G,2.13
15844,PASTA COLODENT SUP.SWIEZOSC 100G,2.19
15845,PASTA DO ZEB COLODENT STRONG,2.13
15846,PATYCZKI BELLA FOLIA 160 T,1.19
15847,PATYCZKI HIG MEA 160 SZT,0.92875
15848,PERSIL 280 G COLOR,3.39
15849,PERSIL DUO-CAPS 32 SZT,0.762972972972973
15850,PERSIL ZEL 1 L,9.99
15851,PERSIL ZEL 1_46 DO PRANIA,9.99
15852,PERWOLL PLYN 900 ML,6.29
15853,PLASTRY FAMILI,3.71
15854,PLATKI KOSMETYCZNE MEA 120 SZT,1.85
15855,PLYN AJAX 1L CZERWONY,3.79
15856,PLYN AJAX FDF FIOLETOWY 1L,4.27
15857,PLYN DA NACZYN EDGAR 0_5 L ALOES,0.92
15858,PLYTA CD I DVD,0.83
15859,PODPASKI BELLA NORMAL BEZ SKRZYD,1.29
15860,PODPASKI NATURELLA 8 MAX,2.22
15861,PODPASKI NATURELLA CLASSIC NORMAL 10,2.32
15862,PODPASKI NATURELLA ULTRA NORMAL,2.7442857142857098
15863,PUMEKS BIALY,0.84
15864,PUR 500 ML ACTION 3,2.4633333333333303
15865,PUR 900 ML BALSAAM,3.45
15866,PUR 900 ML DLON+PAZN,3.39
15867,PUR ACTION 900 ML APLLE,3.39
15868,PUR ACTION 900 ML LEMON,3.39
15869,RECZNIK KUCHENNY 2 X,1.59
15870,RECZNIK PAPIER.MEA 2WARSTWY,1.61
15871,RECZNIK PAPIEROWY 2 MEA,2.4
15872,RECZNIK PIPIEROWY DUZY ALMUSSA,4.69
15873,REKAW DO PIECZENIA 3 M,1.39
15874,REKAWICE GUMOWE 1 PARA,1.04
15875,REKAWICE JEDNORAZOWE,0.15
15876,REKLAMOWKA Z LOGO ABC Z UCHWYTEM,0.36
15877,REKLAMOWKA Z UCHWYTEM,0.3674468085106379
15878,REX 300 G 3*KOLOR,2.09
15879,REX 300 G 3*SWIEZOSC,2.09
15880,SCIERKA JAK BAWELNA 5 SZT,2.78
15881,SCIERKA UNIWERSALNA 5 SZT,2.06
15882,SILAN 1_85 ORANGE,8.16
15883,SILAN 1L SENSITIVE.,4.97
15884,SILAN DO PLUKANIA 925 ML,5.19
15885,SOFIMA MYD?O Z DOZOWNIKIEM 500 ML,1.85
15886,SOFINA MYD?O Z DOZOWNIKIEM 500 ML,1.85
15887,SOFTLAN PLYN DO PLUKANIA 1 L BIALY,4.99
15888,SOFTLAN PLYN DO PLUKANIA 1L,4.99
15889,SOL ODPLAMIAJACA 25 G,0.69
15890,SPIRYTUS SALICYNOWY 90 G,1.72
15891,SZAM DO DZIECI BAMBI 150ML,1.85
15892,SZAM FAMILIJNY POLLENA 500ML,3.19
15893,SZAMPON FAMILIJNY 700 ML,4.08
15894,SZAMPON PALMOLIVE MATURA P/?UPIERZ 350ML,5.57
15895,SZAMPON RUMIANEK 240ML EVA NATURA,2.69
15896,SZCZOT_D/Z?B_MAXI CLEAN 40 MEDIUM DUO,3.58
15897,SZCZOTECZKA DO RAK,1.45
15898,SZCZOTECZKA DO ZEBOW,1.76
15899,TAMPON BELLA 16,5.39
15900,TORBA  T3,1.55
15901,TOREBKA,0.97
15902,TOREBKA NA PREZENT,1.95
15903,TYTAN PLYN DO WC 700ML NIEBIESKI,3.39
15904,WIN GALARETKA MALINOWA 75GR,1.03
15905,WIREK PROSZEK 600G,1.69
15906,WKLADKI INTIMA  BELLA 24,3.49
15907,WORECZKI SNIADANIOWE 100 SZT,1.11
15908,WORKI NA SMIECI 35L*50 SZT,1.45
15909,WORKI NA SMIECI 60 L 16 SZT,2.15
15910,WORKI NA SMIECI 60 L*50 SZT,2.99
15911,WORKI NA SMIECI 60L *15 SZT Z TASMA,2.84
15912,WORKI NA SMIECI 60L 20SZT_TOP,1.39
15913,WORKI NA SMIECI Z USZANI  35L*26 SZT,1.72
15914,WYKA?ACZKI 1 SZT,0.58
15915,ZAPALKI,0.06
15916,ZAPALNICZKA,0.92
15917,ZAPALNICZKA,0.83
15918,ZAPALNICZKA SPARK,2.1
15919,ZEL POD PRYSZNIC SAFINA 500ML MESKI,2.5
15920,ZESZTY 16 KRATKA,0.31
15921,ZESZYT 16 K KRATKE,0.38
15922,ZESZYT 32 K KRATKE,0.62
15923,ZESZYT 32 LINIA SZEROKA,0.3
15924,ZESZYT 60 K KRATKE,0.99
15925,ZESZYT 60K KRATKA,0.99
15926,ZESZYT 80 K,1.3
15927,ZESZYT 96 K KRATKE,1.53
15928,ZESZYT 96 W SZER LINIE,1.99
15929,ZESZYT BLYSZCZACYCH PAPIEROW KOLOR  A5,0.64
15930,ZMYWACZ DO PAZNOKCI 50 ML,0.93
15931,ZMYWAK 2 SZT,1.06
15932,ZMYWAK KUCHENNY MALY 1 SZT,0.18
15933,ZNICZ KWIAT,4.76
17754, PATYCZKI BELLA 200,1.7
17755,ACE 1 L LEMON,3.69
17756,BATERIA R6 ALKAICZ,0.81921568627451
17757,BELLA CHUSTECZKI ODSWIEZAJACE 10,1.75
17758,BELLA HERBS PODPASKI K.LIPY 12,2.58
17759,BIALY JELEN PLYN DO KAPIELI 750 ML,6.89
17760,BIALY JELEN PLYN DO KAPIELI 750 ML,6.89
17761,BIALY JELEN SZAMPON 300 ML,5.79
17762,BIBULA MIX,0.75
17763,BLOK NOTE 100K,0.91
17764,BLOK RYSUNKOWY A3,1.73
17765,BLOK RYSUNKOWY A4 KOLOR,1.72
17766,BLOK TECHNICZNY 43 KOLOR,3.03
17767,BLOK TECHNICZNY A3,2.33
17768,BLOK TECHNICZNY A4 KOLOR,1.51
17769,BLOK TECHNICZY A4,1.2
17770,BOND PIANKA DO GOLENIA 200 ML,4.42
17771,BREF 4 FORMU?A POWER,3.09
17772,BREF 4-FORMULA AKTIV,3.39
17773,BREF 4-FORMULA LEMON,3.39
17774,BREF 700 ML ZEL WC,4.39
17775,BREF KULKI 3*50 G,6.99
17776,BREF KULKI 3*50G,6.99
17777,BREF KULKI BLU AKTIV,4.79
17778,BREF KULKI WC PERFUME,4.79
17779,BREF KULKI WC PERFUME,4.79
17780,BREF KULKI WC PERFUME,5.25
17781,BREF ZEL 700 ML 10 X,6.15
17782,BREF ZEL 700 ML 10 X,6.15
17783,BREF ZEL 700 ML 10 X,6.15
17784,BROS SPRAY NA KOMARY I KLESZCZE 90 ML,7.65
17785,CHUSTECZKI BABY KINDII 60 SZT,2.94
17786,CHUSTECZKI DO HIG.INTYMNEJ BELLA A20 SEN,3.72
17787,CHUSTECZKI DO PRANIA 5,2.09
17788,CHUSTECZKI HAPPY NO 1,0.2
17789,CLIN LEMON 500 ML Z DOZ.,3.99
17790,CLIN ZAPAS 500 ML,2.94
17791,CLIN ZAPAS 500 ML,3.39
17792,DENATURAT 0_5 L BIALY,2.09
17793,DLUGOPIS 6 KOLOR,2.25
17794,DLUGOPIS NIEBIESKI 1 SZT,0.35
17795,DLUGOPIS WYMAZYWALNY Z GOMKA NIEBIESKI,3.2
17796,DRUCIAK 1 SZT,0.48
17797,DRUCIAK SPIRALNY,1.11
17798,E DO PLUKANIA 0_9 L,4.59
17799,E PLYN DO PLUKANIA 1 L SATYNA,4.59
17800,E PROSZEK 1_4 KG BIALY,8.5
17801,E ZEL DO PRANIA COLOR 1 L,8.5
17802,EVA MYDLO W PLYNIE 500 ML Z DOZOWNIKIEM,4.19
17803,EWA PRZYSPIESZCZ DO OPALANIA 150 ML,6.3
17804,EWA SZAMOPN BRZOZA 400 ML,5.27
17805,EWA SZAMPON POTROJNA SILA ZIÃ“? 400 ML,4.78
17806,FAIRY 500 ML CYTRYNA,2.69
17807,FARBY PLAKATOWE 6 KOLOR,3.65
17808,FOLIA ALUMINIOWA 10M PAN PACK,1.76
17809,FOLIA SPOZYWCZA 30M PACLAN,1.71
17810,GABKA,0.63
17811,GILELETTE PIANKA DO GOLENIA,3.99
17812,GILLETTE MASZYNKA BLU 2 PLUS,1.94
17813,GILZY GOLDEN 100+15 A^,1.38
17814,GOLARKA GILLETTE 3 1 SZT,2.34
17815,KLEJ KROPELKA,2.32
17816,KLEJ W SZTYFCIE DUZY,2.59
17817,KOPERTA 1 SZT,0.06
17818,KOREKTOR W SZTYFCIE,1.69
17819,KREDKI SWIECACE 12 SZT,1.04
17820,KREDKI SWIECOWE WKRECANE  12 SZT,11.84
17821,KREM DO GOLENIA LIDER CLASSIC,2.32
17822,KREM DO RAK EWA,3.29
17823,KUBEK 180 ML,0.08
17824,KUSCHELWEICH 990 ML NIEBIESKI DO PLUKANI,4.99
17825,LAKIER DO WLOS.SYNTEZA 120ML ZAPAS,5.49
17826,LUDWIK D/NACZYN 1L MIETOW,3.99
17827,LUDWIK D/NACZYN BALSAM 500ML,2.25
17828,LUDWIK MLECZKO DO CZYSZCZENIA 300 ML,2.99
17829,MASZYNKA POLSILVER,1.01
17830,MLECZKO CIF DO CZYSZCZENIA 540GR,7.43
17831,MLECZKO UNIWERSALNE 700GR HELP,2.32
17832,MYDLO ARKO EXTRA 90 G,0.99
17833,MYDLO BAMBINO 90 G,1.3
17834,MYDLO BIALY JELEN 150 G,2.99
17835,MYDLO DOVE 100G EXFOLIATING,1.79
17836,MYDLO LUKSJA 90 G LINEN,1.16
17837,MYDLO PALMOLIVE 100 G,1.44
17838,MYDLO PALMOLIVE 90 G MILD,1.2
17839,MYDLO PALMOLIVE 90 G SENSATION,1.44
17840,MYDLO SZARE 175 G,1.59
17841,MYDLO SZARE ATTIS 200GR,1.66
17842,MYD?O LUKSJA W KOSTCE ROCE 90G,1.305
17843,NAP SPRITE 0_2 PUSZKA,0.9385714285714292
17844,NIVEA KREM 50ML,2.19
17845,NOZE 12 SZT,1.0
17846,NOZYCZKI Z LINIJKA,1.35
17847,ODSWIEZACZ SZYSZKA KONWALIA,4.29
17848,ODSWIEZACZ ZAPAS,3.6
17849,ODSWIEZACZ ZAPAS DO SZYSZKI,3.6
17850,ODSWIEZACZ ZAPAS SZYSZKA,3.6
17851,OPASKA DZIANA PODTRZYMUJACA 10 CM *4M,0.45
17852,PAP LM FORWARD,11.782857142857099
17853,PAPIER DO PIECZENIA 8 M PAN PACK,2.25
17854,PAPIER SAMOPRZYLEPNY -8 KARTEK,2.49
17855,PAPIER SNIADANIOW.MAWA 300X325,0.4646875
17856,PAPIER TOAL.8 SZT MEA NIEB,3.25
17857,PAPIER TOAL.ALMUSSO 6 SZT,5.19
17858,PAPIER TOAL.REGINA RUMIANEK 4 ROLKI,3.88
17859,PAPIER TOALET SZARY 8 SZT,0.29
17860,PAPIER TOALETOWY MEA BIA?A 8 SZT 3W 150,4.45
17861,PASTA COLODENT BIEL 100G,2.13
17862,PASTA COLODENT JUNIOR 56 G,2.13
17863,PASTA COLODENT SUP.SWIEZOSC 100G,2.19
17864,PASTA D/ZEB COLODENT SUP.BIEL 100G,2.19
17865,PASTA DO ZEB COLODENT STRONG,2.13
17866,PASTA DO ZEB.COLODENT 4IN1,2.19
17867,PASTA ELWEX 50 ML DO DZIECI,8.11
17868,PATYCZKI HIG MEA 160 SZT,0.92
17869,PATYCZKI HIGIENICZNE 200 SZT MEA,1.35
17870,PEDZLE ZESTAW 6 SZT,2.95
17871,PERSIL 280 G COLD,3.59
17872,PERSIL 280 G COLOR,3.59
17873,PERSIL DUO-CAPS 32 SZT,0.77
17874,PERSIL ZEL 1 L,9.99
17875,PERSIL ZEL 1_46 DO PRANIA,9.99
17876,PERWOL 900 ML RENEW BLACK,6.84
17877,PERWOL 900 ML RENEW KOLOR,7.39
17878,PIEPRZ CZARNY ZIARNO 15GR,0.99
17879,PIORNIK,0.01
17880,PLASTELINA 12 KOLOROW,2.44
17881,PLASTRY FAMILI,3.71
17882,PLATKI BELLA 80+30%,1.99
17883,PLYN AJAX 1L CZERWONY,3.79
17884,PLYN AJAX FDF FIOLETOWY 1L,4.27
17885,PLYN D/NACZ GIGUS 1L LEMON,2.15
17886,PLYN DA NACZYN EDGAR 0_5 L ALOES,0.92
17887,PLYN DO KAPIELI BURSZTYN 750 ML EVA,5.39
17888,PLYTA CD I DVD,0.83
17889,PODPASKI BELLA NOC 7 SZT,3.19
17890,PODPASKI BELLA NORMAL BEZ SKRZYD,1.29
17891,PODPASKI BELLA PERF.ROSE,3.19
17892,PODPASKI NATURELLA 8 MAX,2.22
17893,PODPASKI NATURELLA CLASSIC NORMAL 10,2.32
17894,PODPASKI NATURELLA ULTRA NORMAL,2.74
17895,PROSZEK DOSIA D/PRANIA 300GR COLOR,1.85
17896,PUR 500 ML ACTION 3,2.45
17897,PUR 900 ML BALSAAM,3.41
17898,PUR 900 ML BALSAM,3.67
17899,PUR 900 ML DLON+PAZN,3.39
17900,PUR ACTION 900 ML APLLE,3.39
17901,RECZNIK PAPIER.MEA 2WARSTWY,1.601875
17902,RECZNIK PAPIEROWY 2 MEA,2.4
17903,RECZNIK PAPIEROWY MEA 2W 100,3.0
17904,REKAW DO PIECZENIA 3 M,1.39
17905,REKAWICE JEDNORAZOWE,0.153076923076923
17906,REKLAMOWKA Z LOGO ABC Z UCHWYTEM,0.36
17907,REKLAMOWKA Z UCHWYTEM,0.36
17908,REX 300 G 3*KOLOR,2.09
17909,SCIERKA JAK BAWELNA 5 SZT,2.78
17910,SILAN 600 ML ELEGANCE,7.49
17911,SILAN DO PLUKANIA 925 ML,5.19
17912,SOFIMA MYD?O Z DOZOWNIKIEM 500 ML,1.85
17913,SOFTLAN PLYN DO PLUKANIA 1 L BIALY,4.99
17914,SOFTLAN PLYN DO PLUKANIA 1L,4.99
17915,SOL ODPLAMIAJACA 25 G,0.55
17916,SOMAT MACHINE 1_5KG,4.99
17917,SOMAT NABLYSZCZACZ 250 ML,7.39
17918,SOMAT TABLETKI DO ZMYWAREK 40+5,18.19
17919,SPIRYTUS SALICYNOWY 90 G,1.72
17920,SZAM DO DZIECI BAMBI 150ML,1.85
17921,SZAMPON FAMILIJNY 700 ML,4.08
17922,SZAMPON PALMOLIVE MATURA P/?UPIERZ 350ML,5.57
17923,SZCZOT_D/Z?B_MAXI CLEAN 40 MEDIUM DUO,3.58
17924,SZCZOTECZKA DO RAK,1.45
17925,SZCZOTECZKA DO ZEBOW,1.76
17926,TAFT CZARNY 250 ML,6.08
17927,TAFT LAKIER,6.08
17928,TAMPON BELLA 16,5.39
17929,TASMA BEZBARWNA,0.29
17930,TORBA  T3,1.55
17931,TORBA OKOLICZNOSCIOWA,1.82
17932,WIN GALARETKA MALINOWA 75GR,1.03
17933,WIREK PLYN DO PRANIE KOLOR 1 L,3.15
17934,WIREK PROSZEK 600G,1.69
17935,WORECZKI SNIADANIOWE 100 SZT,1.11
17936,WORKI NA SMIECI 35L*50 SZT,1.45
17937,WORKI NA SMIECI 60 L 16 SZT,2.15
17938,WORKI NA SMIECI 60L *15 SZT Z TASMA,2.84
17939,WYKA?ACZKI 1 SZT,0.58
17940,ZAPALKI,0.06
17941,ZEL POD PRYSZNIC SAFINA MANGO 250ML,1.76
17942,ZESZYT 16 K KRATKE,0.44
17943,ZESZYT 16 K KRATKE,0.38
17944,ZESZYT 32 LINIA SZEROKA,0.3
17945,ZESZYT 60 K KRATKE,0.99
17946,ZESZYT 60K KRATKA,0.99
17947,ZESZYT 96 K KRATKE,1.53
17948,ZESZYT 96 W SZER LINIE,1.99
17949,ZMYWACZ DO PAZNOKCI 50 ML,0.971666666666667
17950,ZMYWAK 2 SZT,1.06
17951,ZMYWAK KUCHENNY MALY 1 SZT,0.18
17952,ZNICZ BIA?Y SREDNI S-124,3.11
17953,ZYLETKI POLSILVER STAINLES 2,0.87
19620, PATYCZKI BELLA 200,1.7
19621,ARIEL KAPSU?KI DO BIA?EGO 32SZT,0.77
19622,BATERIA R6 AA,0.78
19623,BATERIA R6 ALKAICZ,0.86
19624,BELLA HERBS 12 SZT,2.59
19625,BELLA PODPASKI  MAX GREEN,3.19
19626,BIALY JELEN PLYN DO KAPIELI 750 ML,6.89
19627,BIALY JELEN SZAMPON 300 ML,5.79
19628,BLOK RYSUNKOWY A3 KOLOR,3.2
19629,BLOK TECHNICZNY A3,2.33
19630,BLOK TECHNICZNY A4 KOLOR,1.51
19631,BREF 4 FORMU?A POWER,3.39
19632,BREF 4-FORMULA,2.79
19633,BREF 4-FORMULA AKTIV,3.39
19634,BREF 4-FORMULA LEMON,3.39
19635,BREF 700 ML ZEL WC,4.39
19636,BREF KULKI WC 50 G,5.2
19637,BREF KULKI WC CHLORINE,3.39
19638,BREF KULKI WC PERFUME,4.79
19639,BREF KULKI WC PERFUME,5.2
19640,BREF ZEL 700 ML 10 X,6.15
19641,CHUST.NAWILZANE NANA 72 SZT,2.36
19642,CHUSTECZKI  BABY KINDI 72 SZT,3.1
19643,CHUSTECZKI CHIGIENICZNE 100+50 GRATIS,2.79
19644,CHUSTECZKI HAPPY NO 1,0.2
19645,CHUSTECZKI NAS.64 SZT,2.39
19646,CHUSTECZKI NASA.56 SZT HAPPY,2.39
19647,CLIN LEMON 500 ML Z DOZ.,3.99
19648,CLIN ZAPAS 500 ML,2.94
19649,CLIN ZAPAS 500 ML,3.39
19650,DENATURAT 0_5 L BIALY,2.09
19651,DLUGOPIS NIEBIESKI 1 SZT,0.35
19652,DRUCIAK 1 SZT,0.48
19653,DRUCIAK SPIRALNY,1.11
19654,E DO PLUKANIA 0_9 L,4.59
19655,E DO PLUKANIA 1_8 L,5.99
19656,E PLYN DO PLUKANIA 1 L SATYNA,4.89
19657,E PLYN DO PLUKANIA 500 ML,2.36333333333333
19658,E PROSZEK 300 G COLOR,2.69
19659,E PROSZEK 300G WHITE,2.15
19660,EVA MYDLO W PLYNIE 500 ML Z DOZOWNIKIEM,4.19
19661,EWA MYDLO 500 G Z DOZOWNIKIEM ALOES,4.19
19662,EWA SZAMPON LAWENDA 400 ML,5.27
19663,EWA SZAMPON ZIOLA 400 ML,5.27
19664,FOLIA ALUMINIOWA 10 M,1.89
19665,FOLIA ALUMINIOWA 10M PAN PACK,1.7707692307692302
19666,FOLIA ALUMINIOWA 20 M,3.28
19667,FOLIA SPOZYWCZA 30M PACLAN,1.71
19668,GABKA,0.63
19669,GILLETTE MASZYNKA BLU 2 PLUS,1.94
19670,GILZY GOLDEN 100+15 A^,1.38
19671,GOLARKA WILKINSON XTREME 3,2.46
19672,GUMA ORBIT 5 LIST.,0.88
19673,GUMKA DO MAZANIA,0.64
19674,KAPSULKI DO ZMYWARKI FAIRY LEMON 10SZT,5.57
19675,KLEJ BIUROWY,0.79
19676,KLEJ KROPELKA,2.32
19677,KLEJ W SZTYFCIE DUZY,2.59
19678,KOMPRES 7 CM*7CM,1.12
19679,KONTOMIERZ 180,0.68
19680,KOPERTA 1 SZT,0.06
19681,KOREKTOR W SZTYFCIE,1.69
19682,KREDKI O?OWKOWE 12 SZT,1.68
19683,KREDKI SWIECACE 12 SZT,1.04
19684,KREM BAMBINO 75ML,3.79
19685,KREM DO GOLENIA WARS,2.32
19686,KREM DO RAK EVA LEN 100 G,3.5
19687,KRET W TABLATKACH 3W1,0.83
19688,KUSCHELWEICH 990 ML NIEBIESKI DO PLUKANI,4.99
19689,LAKIER DO WLOSOW EVA 200 ML,5.29
19690,LUDWIK D/NACZYN 1L MIETOW,3.99
19691,LUDWIK D/NACZYN BALSAM 500ML,2.25
19692,MLECZKO CIF DO CZYSZCZENIA 540GR,7.43
19693,MLECZKO CZYSZCZACE 750 ML CYTRYNA,2.99
19694,MYDLO ARKO EXTRA 90 G,0.99
19695,MYDLO BAMBINO 90 G,1.3
19696,MYDLO BIALY JELEN 150 G,2.99
19697,MYDLO DOVE 100G EXFOLIATING,1.79
19698,MYDLO DOVE KOSTKA 100G BUTTER,1.79
19699,MYDLO LUKSJA 90 G LINEN,1.16
19700,MYDLO PALMOLIVE 90 G MILD,1.2
19701,MYDLO SAFINA JASMIN 90GR,0.8
19702,MYDLO SZARE 175 G,1.59
19703,MYD?O LUKSJA W KOSTCE ROCE 90G,0.99
19704,NAP SPRITE 0_2 PUSZKA,1.07
19705,NIVEA KREM 50ML,2.19
19706,NUREK 500 G GRANULKI DO RUR,4.2
19707,NUREK GRANULKI UDRAZNIA 250 G,2.55
19708,ODPLAMIACZ VANISH 100ML P?YN SASZETKA,1.49
19709,ODSWIEZACZ  SZYSZKA LESNY,4.29
19710,ODSWIEZACZ SPRAY 400 ML,3.27
19711,ODSWIEZACZ SPRAY 400 ML,3.27
19712,ODSWIEZACZ SZYSZKA  ZAPAS,3.6
19713,ODSWIEZACZ SZYSZKA BEZ,4.29
19714,ODSWIEZACZ ZAPAS,3.6
19715,ODSWIEZACZ ZAPAS,3.6
19716,ODSWIEZACZ ZAPAS,3.6
19717,ODSWIEZACZ ZAPAS DO SZYSZKI,3.6
19718,ODSWIEZACZ ZAPAS DO SZYSZKI,3.6
19719,OLOWEK TECHNICZNY BIC,0.92
19720,OPASKA DZIANA PODTRZYMUJACA 10 CM *4M,0.45
19721,PAP LM FORWARD,11.5714285714286
19722,PAPIER DO PIECZENIA 8 M PAN PACK,2.25
19723,PAPIER KOLOR A5,0.37
19724,PAPIER KOLOROWY 8 KART.,0.84
19725,PAPIER SAMOPRZYLEPNY -8 KARTEK,2.49
19726,PAPIER SNIADANIOW.MAWA 300X325,0.45
19727,PAPIER TOAL ALMUSA 6 SZT,5.19
19728,PAPIER TOAL.8 SZT MEA NIEB,3.29
19729,PAPIER TOAL.ALMUSSO 6 SZT,5.19
19730,PAPIER TOAL.REGINA RUMIANEK 4 ROLKI,3.88
19731,PAPIER TOALET SZARY 8 SZT,0.29
19732,PAPIER TOALETOWY MEA BIA?A 8 SZT 3W 150,4.5
19733,PASTA COLODENT JUNIOR 56 G,2.13
19734,PASTA DO PRANIA KOMFORT 500 G,3.05
19735,PASTA DO ZEB COLODENT STRONG,2.13
19736,PATYCZKI BELLA FOLIA 160 T,1.19
19737,PATYCZKI HIGIENICZNE 200 SZT MEA,1.35
19738,PEDZLE ZESTAW 6 SZT,2.95
19739,PERSIL 280 G COLOR,3.59
19740,PERSIL DUO-CAPS 32 SZT,0.77
19741,PERWOL 900 ML RENEW KOLOR,7.39
19742,PIEPRZ CZARNY ZIARNO 15GR,0.99
19743,PLASTRY FAMILI,3.71
19744,PLATKI BELLA 80+30%,2.065
19745,PLATKI KOSMETYCZNE MEA 120 SZT,1.85
19746,PLYN AJAX 1 L BOOST,5.5
19747,PLYN AJAX 1 L OPTIMAL,3.33
19748,PLYN AJAX 1L CZERWONY,4.2
19749,PLYN AJAX FDF FIOLETOWY 1L,3.99
19750,PLYN DA NACZYN EDGAR 0_5 L ALOES,0.92
19751,PLYTA CD I DVD,0.83
19752,PODPASKI BELLA NOC 7 SZT,3.19
19753,PODPASKI BELLA NORMAL BEZ SKRZYD,1.29
19754,PODPASKI BELLA PERF.ROSE,3.19
19755,PODPASKI BELLA PERFECTA NIGHT,3.19
19756,PODPASKI BELLA PERFECTA ORANGE,3.19
19757,PODPASKI BELLA PERFECTA RED,3.19
19758,PODPASKI NATURELLA 8 MAX,2.22
19759,PROSZEK DOSIA D/PRANIA 300GR COLOR,1.85
19760,PUR 500 ML ACTION 3,2.59
19761,PUR 900 ML BALSAAM,3.4566666666666697
19762,PUR 900 ML DLON+PAZN,3.39
19763,PUR ACTION 900 ML LEMON,3.39
19764,RECZNIK PAPIER.MEA 2WARSTWY,1.54105263157895
19765,RECZNIK PAPIEROWY 2 MEA,2.4
19766,RECZNIK PAPIEROWY MEA 2W 100,3.0
19767,REKAW DO PIECZENIA 3 M,1.39
19768,REKAWICE JEDNORAZOWE,0.17
19769,REKLAMOWKA Z LOGO ABC Z UCHWYTEM,0.36
19770,REKLAMOWKA Z UCHWYTEM,0.36
19771,REX 300 G 3*KOLOR,2.09
19772,REX 300 G 3*SWIEZOSC,2.09
19773,SCIERKI UNIWERSALNE 3X,1.22
19774,SILAN 1L SENSITIVE.,4.75
19775,SILAN 600 ML ELEGANCE,7.49
19776,SILAN DO PLUKANIA 925 ML,5.45
19777,SOFIMA MYD?O Z DOZOWNIKIEM 500 ML,1.85
19778,SOFTLAN PLYN DO PLUK.1 L KONW,4.99
19779,SOFTLAN PLYN DO PLUKANIA 1L,4.99
19780,SOL ODPLAMIAJACA 25 G,0.55
19781,SOMAT MACHINE 1_5KG,4.99
19782,SOMAT TABLETKI 10 SZT,5.99
19783,SPIRYTUS SALICYNOWY 90 G,1.72
19784,SWIECZKA BIA?A 1 SZT,0.56
19785,SZAM DO DZIECI BAMBI 150ML,1.85
19786,SZAMPON POKRZYWA 240ML EVA NATURA,2.69
19787,SZAMPON Z CZARNA RZEPA 240 ML EVA NATURE,2.69
19788,SZAMPON ZE SKRZYPEM 240 ML EVA NATURE,2.69
19789,SZCZOTECZKA DO ZEBOW,1.76
19790,TAFT CZERWONY,6.08
19791,TORBA OKOLICZNOSCIOWA,1.82
19792,TOREBKA,0.97
19793,TOREBKA NA PREZENT,1.95
19794,WIREK  PLYN DO PRANIA CZARNYCH 1 L,2.99
19795,WIREK PLYN DO PRANIA  Z LANOLINA 1 L,2.99
19796,WIREK PLYN DO PRANIE KOLOR 1 L,2.99
19797,WIREK PROSZEK 600G,1.69
19798,WKLADKI BELLA PANTY,1.75
19799,WKLADKI BELLA PANTY 20SZT,1.75
19800,WKLADKI INTIMA  BELLA 24,3.59
19801,WORECZKI SNIADANIOWE 100 SZT,1.11
19802,WORKI NA SMIECI 60 L 16 SZT,2.15
19803,WORKI NA SMIECI 60 L*50 SZT,2.99
19804,WORKI NA SMIECI Z USZANI  35L*26 SZT,1.72
19805,WYBIELACZ DO FIERANEK 50 G,0.75
19806,WYKA?ACZKI 1 SZT,0.58
19807,ZAPALKI,0.06
19808,ZAROWKA 60,1.06
19809,ZEL POD PRYSZNIC SAFINA MANGO 250ML,1.76
19810,ZESZYT 16 K KRATKE,0.44
19811,ZESZYT 16 K KRATKE,0.38
19812,ZESZYT 32 K KRATKE,0.62
19813,ZESZYT 60 K KRATKE,0.99
19814,ZESZYT 60K KRATKA,0.99
19815,ZESZYT 80 K,1.3
19816,ZESZYT 96 W SZER LINIE,1.99
19817,ZESZYT BLYSZCZACYCH PAPIEROW KOLOR  A5,0.64
19818,ZESZYT LINIA 60 K,0.79
19819,ZESZYT LINIA 80,1.3
19820,ZMYWACZ DO PAZNOKCI 50 ML,0.98
19821,ZMYWAK KUCHENNY MALY 1 SZT,0.18
19822,ZNICZ ANIOLEK S-95,3.05
19823,ZNICZ BIA?Y SREDNI S-124,3.11
19824,ZYLETKI POLSILVER STAINLES 2,0.87
21480, PATYCZKI BELLA 200,1.78
21481,ACE 1 L LEMON,3.59
21482,AJAX  PROSZEK DO CZYSZCZENIA 450 G,3.99
21483,ARIEL KAPSU?KI DO BIA?EGO 32SZT,0.77
21484,BAMBINO CHUSTECZKI NASACZ. 63 SZT,3.5
21485,BATERIA MAXELL R3 AA,0.78
21486,BATERIA R6 AA,0.78
21487,BATERIA R6 ALKAICZ,0.86
21488,BIALY JELEN SZAMPON 300 ML,5.79
21489,BLOK RYSUNKOWY A3,1.73
21490,BLOK RYSUNKOWY A4 KOLOR,1.72
21491,BLOK TECHNICZNY A4 KOLOR,1.51
21492,BOND PIANKA DO GOLENIA 200 ML,4.47
21493,BREF 4 FORMU?A POWER,3.39
21494,BREF 4-FORMULA,3.39
21495,BREF 4-FORMULA AKTIV,3.39
21496,BREF 4-FORMULA LEMON,3.07
21497,BREF KULKI 3*50 G,6.99
21498,BREF KULKI BLU AKTIV,4.79
21499,BREF KULKI WC 50 G,5.2
21500,BREF KULKI WC CHLORINE,3.39
21501,BREF KULKI WC PERFUME,5.35
21502,BREF KULKI WC PERFUME,4.995
21503,BREF ZEL 700 ML 10 X,6.15
21504,CHUSTECZKI CHIGIENICZNE 100+50 GRATIS,2.69
21505,CHUSTECZKI DO HIG.INTYMNEJ BELLA A20 SEN,3.49
21506,CHUSTECZKI DO KOLOROW 10 SZT,5.93
21507,CHUSTECZKI DO PRANIA 5,2.09
21508,CHUSTECZKI HAPPY NAS?CZ.64SZT,2.99
21509,CHUSTECZKI HAPPY NO 1,0.19304878048780505
21510,CHUSTECZKI NAS.64 SZT,2.49
21511,CLIN DO SZYB 500 ML Z DOZOWNIKIEM,3.99
21512,CLIN LEMON 500 ML Z DOZ.,3.99
21513,CLIN ZAPAS 500 ML,3.29
21514,CLIN ZAPAS 500 ML,3.27
21515,CYRKIEL,2.95
21516,DATO 365 G PROSZEK,5.59
21517,DLUGOPIS 6 KOLOR,2.25
21518,DLUGOPIS NIEBIESKI 1 SZT,0.35
21519,DRUCIAK 1 SZT,0.48
21520,E DO PLUKANIA 1_8 L,7.75
21521,E DO PLUKANIA 1_8 L KONC,7.75
21522,E DO PLUKANIA 2 L KONC,7.75
21523,E DO PLUKANIA ELEGANCE PERFUM 0_9 L,4.89
21524,E PLYN DO PLUKANIA 1 L SATYNA,4.89
21525,E PLYN DO PLUKANIA 500 ML,2.59
21526,E PROSZEK 1_4 KG,8.5
21527,E PROSZEK 300 G COLOR,2.75
21528,E PROSZEK 300G WHITE,2.15
21529,E ZEL DO PRANIA COLOR 1 L,8.5
21530,EWA SZAMOPN BRZOZA 400 ML,5.27
21531,EWA SZAMPON POTROJNA SILA ZIÃ“? 400 ML,5.27
21532,EWA SZAMPON ZIOLA 400 ML,5.27
21533,FARBY PLAKATOWE 6 KOLOR,3.65
21534,FOLIA ALUMINIOWA 10M PAN PACK,1.46230769230769
21535,FOLIA ALUMINIOWA 20 M,3.28
21536,FOLIA SPOZYWCZA 30M PACLAN,1.71
21537,GABKA,0.63
21538,GILLETTE MASZYNKA BLU 2 PLUS,1.94
21539,GILZY GOLDEN 100+15 A^,1.39714285714286
21540,GLOW 750 ML DO LAZIENEK,7.0
21541,GOLARKA WILKINSON XTREME 3,2.46
21542,GUMA ORBIT 5 LIST.,0.83
21543,KAPSULKI DO ZMYWARKI FAIRY LEMON 10SZT,5.57
21544,KARTKA SW,0.21
21545,KLEJ BIUROWY,0.79
21546,KLEJ KROPELKA,2.05
21547,KLEJ W SZTYFCIE,0.99
21548,KLEJ W SZTYFCIE DUZY,2.59
21549,KOPERTA 1 SZT,0.06
21550,KREM BAMBINO 75ML,3.79
21551,KREM DO GOLENIA LIDER CLASSIC,2.32
21552,KREM DO GOLENIA WARS,2.32
21553,KRET GRANULKI 400 G,4.99
21554,KRET W TABLATKACH 3W1,0.83
21555,LAKIER DO WLOSOW EVA 200 ML,5.29
21556,LENOR PLYN DO PLUKANIA 930 ML,5.45
21557,LUDWIK D/NACZYN BALSAM 500ML,2.25
21558,LUKSJA MYDLO Z DOZOWNIKIEM 450 ML,2.79
21559,LUKSJA ZAPAS 400 ML,2.59
21560,LUKSJA ZAPAS 400 ML,2.59
21561,MELT DO RUR 750 ML,17.8
21562,MOLA POAPIER ZAPACH 8 MAGNOLIA,4.08
21563,MYDLO ARKO 90 G RUMIANEK,0.99
21564,MYDLO ARKO MIOD 90 G,0.99
21565,MYDLO BAMBINO 90 G,1.3
21566,MYDLO DOVE KOSTKA 100G BUTTER,1.79
21567,MYDLO PALMOLIVE 90 G MILD,1.2
21568,MYDLO PALMOLIVE 90 G SENSATION,1.32
21569,MYDLO SZARE 175 G,1.59
21570,MYDLO SZARE ATTIS 200GR,1.66
21571,NABIJARKA,5.52
21572,NIVEA DEZOD VOMEN 150 ML,6.19
21573,NIVEA KREM 50ML,1.99
21574,NYDLO DAVE 100G CREAN,1.79
21575,ODPLAMIACZ VANISH 100ML P?YN SASZETKA,1.49
21576,ODSWIEZACZ FRI,2.7
21577,ODSWIEZACZ SZYSZKA BEZ,4.29
21578,ODSWIEZACZ ZAPAS,3.6
21579,ODSWIEZACZ ZAPAS,3.6
21580,ODSWIEZACZ ZAPAS DO SZYSZKI,3.6
21581,ODSWIEZACZ ZAPAS DO SZYSZKI,3.6
21582,ODSWIEZACZ ZAPAS SZYSZKA,3.6
21583,PAP LM FORWARD,11.98
21584,PAPIER DO PIECZENIA 8 M PAN PACK,2.22
21585,PAPIER DO PREZENTOW,1.64
21586,PAPIER KOLOROWY 8 KART.,0.84
21587,PAPIER SNIADANIOW.MAWA 300X325,0.45
21588,PAPIER TOAL.8 SZT MEA NIEB,3.18583333333333
21589,PAPIER TOALET SZARY 8 SZT,0.29
21590,PAPIER TOALETOWY MEA BIALY 4 ROLKI,2.29
21591,PAPIER TOALETOWY MEA BIA?A 8 SZT 3W 150,4.31
21592,PASTA D/ZEB COLODENT SUP.BIEL 100G,2.29
21593,PASTA D/ZEBOW COLGATE 100ML,2.45
21594,PASTA ZDO ZEBOW BLEND A MED FAMILI,2.78
21595,PATYCZKI BELLA FOLIA 160 T,1.208
21596,PERSIL 280 G COLD,3.59
21597,PERSIL 280 G COLOR,3.59
21598,PERSIL DUO-CAPS 32 SZT,0.77
21599,PERSIL ZEL 1 L,12.29
21600,PERWOL 900 ML RENEW KOLOR,7.39
21601,PIANKA DO WLOSOW PROFESSIONAL 225ML,3.79
21602,PIEPRZ CZARNY ZIARNO 15GR,0.99
21603,PLATKI BELLA OKRAGLE 120,2.34
21604,PLATKI KOSMETYCZNE MEA 120 SZT,1.85
21605,PLYN AJAX 1L CZERWONY,4.1
21606,PLYN AJAX ZIELONY 1L,3.79
21607,PLYN D/NACZ GIGUS 1L LEMON,2.15
21608,PLYN DA NACZYN EDGAR 0_5 L ALOES,0.92
21609,PLYN FAIRY 0_9 JAB?KO,4.69
21610,PLYN UNIWERSALNY AJAX 1 L,3.79
21611,PLYTA CD I DVD,0.83
21612,PODGRZEWACZ ZAPACH,1.99
21613,PODGRZEWACZ ZAPACHOWY 10 SZT,1.99
21614,PODPASKI BELLA NOC 7 SZT,3.19
21615,PODPASKI BELLA NORMAL BEZ SKRZYD,1.29
21616,PODPASKI BELLA PERF.ROSE,3.05
21617,PODPASKI BELLA PERF.VIOLA,3.19
21618,PODPASKI BELLA PERFECTA NIGHT,3.05
21619,PODPASKI BELLA PERFECTA ORANGE,3.05
21620,PODPASKI NATURELLA 8 MAX,2.22
21621,PUR 450 BALSAM,2.59
21622,PUR 500 ML ACTION 3,2.59
21623,PUR 500 ML DLONIE I PAZNO.,2.59
21624,PUR 900 ML BALSAAM,3.59
21625,PUR 900 ML DLON+PAZN,3.59
21626,PUR ACTION 900 ML LEMON,3.59
21627,RECZNIK KUCHENNY 2 X,1.59
21628,RECZNIK PAPIER.MEA 2WARSTWY,1.66
21629,RECZNIK PAPIEROWY 2 MEA,2.43
21630,RECZNIK PAPIEROWY JUMBO MEGA,8.12
21631,REGINA PAPIER RUMIANKOWY 8,6.97
21632,REKAW DO PIECZENIA 3 M,1.4
21633,REKAW DO PIECZENIA 3M,2.55
21634,REKAWICE GUMOWE 7_5,1.99
21635,REKAWICE JEDNORAZOWE,0.166923076923077
21636,REKLAMOWKA Z LOGO ABC Z UCHWYTEM,0.37
21637,REKLAMOWKA Z UCHWYTEM,0.36
21638,REX 300 G 3*KOLOR,2.09
21639,REX 300 G 3*SWIEZOSC,2.09
21640,SCIERKI UNIWERSALNE 3X,1.22
21641,SERWETKI SW,2.25
21642,SOFIMA MYD?O Z DOZOWNIKIEM 500 ML,1.85
21643,SOFTLAN PLYN DO PLUK.NIEB 1 L,4.99
21644,SOMAT TAB.DO ZMYWAREK 52+5,18.19
21645,SPIRYTUS SALICYNOWY 90 G,1.72
21646,SZAM FAMILIJNY POLLENA 500ML,3.19
21647,SZAMPON PALMOLIVE 2W1 MORELA,3.99
21648,SZAMPON POKRZYWA 240ML EVA NATURA,2.69
21649,SZAMPON RUMIANEK 240ML EVA NATURA,2.69
21650,SZAMPON TATARO-CHMIEL 240 ML EVA NATURE,2.69
21651,SZAMPON Z CZARNA RZEPA 240 ML EVA NATURE,2.69
21652,SZCZOT_D/Z?B_MAXI CLEAN 40 MEDIUM DUO,3.58
21653,SZCZOTECZKA DO ZEBOW,1.76
21654,TABLETKI GOLD 12 SZT DO ZMYWAREK,4.99
21655,TAFT CZARNY 250 ML,6.08
21656,TAFT LAKIER,5.99
21657,TAFT LAKIER 250 ML 5 VOLUME,6.08
21658,TASMA BEZBARWNA,0.455
21659,TASMA PAKOWA SZEROKA,1.59
21660,TOREBKA NA PREZENT A4,2.02
21661,TOREBKA NA PREZENT DUZA,1.63
21662,TYTAN DO WC 700G ZIELONY,3.49
21663,TYTAN PLYN DO WC 700ML NIEBIESKI,3.49
21664,VANISH ODPLAMIACZ 1 L,7.19
21665,VANISH SASZETKI 100 ML GOLD,1.69
21666,WIREK  PLYN DO PRANIA CZARNYCH 1 L,2.99
21667,WIREK PLYN DO PRANIA  Z LANOLINA 1 L,2.99
21668,WIREK PLYN DO PRANIE KOLOR 1 L,2.99
21669,WKLADKI BELLA PANTY,1.735
21670,WKLADKI BELLA PANTY 20SZT,1.72
21671,WKLADKI INTIMA  BELLA 24,3.59
21672,WKLADKI PANTY INTIMA,3.59
21673,WORECZKI SNIADANIOWE 100 SZT,0.99
21674,WORKI NA SMIECI 60 L 16 SZT,2.15
21675,WORKI NA SMIECI 60 L10 SZT,2.49
21676,WORKI NA SMIECI LD MULTITOP 35Lx30 ROLKA,3.99
21677,WORKI NA SMIECI PACLEN 60*20 SZT,4.89
21678,WORKI NA SMIECI Z USZANI  35L*26 SZT,1.72
21679,WYBIELACZ DO FIERANEK 50 G,0.75
21680,WYKA?ACZKI 1 SZT,0.58
21681,ZAPALARKA,3.74
21682,ZAPALKI,0.06
21683,ZAROWKA 60,1.06
21684,ZESZYT 16 K KRATKE,0.38
21685,ZESZYT 32 LINIA SZEROKA,0.3
21686,ZESZYT 60 K KRATKE,0.99
21687,ZESZYT 96 W SZER LINIE,1.99
21688,ZESZYT LINIA 80,1.3
21689,ZIMNE OGNIE,0.49
21690,ZMYWACZ DO PAZNOKCI 50 ML,0.98
21691,ZMYWAK KUCHENNY MALY 1 SZT,0.18
21692,ZNICZ ANIOLEK S-95,3.05
21693,ZNICZ KWIAT,4.76
